ID,block,theta,prev_resp,resp
1,1,-45,0,0
1,1,45,-1,1
1,1,-45,1,0
1,1,45,-1,1
1,1,45,1,1
1,1,45,1,1
1,1,-45,1,0
1,1,-45,-1,0
1,1,45,-1,1
1,1,-45,1,0
1,1,-45,-1,0
1,1,-45,-1,0
1,1,-45,-1,0
1,1,45,-1,0
1,1,45,-1,1
1,1,45,1,1
1,1,45,1,1
1,1,-45,1,0
1,1,-45,-1,1
1,1,45,1,1
1,1,-45,1,0
1,1,45,-1,1
1,1,-45,1,0
1,1,45,-1,1
1,1,45,1,1
1,1,45,1,1
1,1,-45,1,1
1,1,-45,1,1
1,1,45,1,1
1,1,45,1,1
1,1,-45,1,0
1,1,-45,-1,1
1,1,45,1,1
1,1,-45,1,0
1,1,45,-1,1
1,1,-45,1,0
1,1,45,-1,1
1,1,-45,1,0
1,1,-45,-1,0
1,1,-45,-1,0
1,1,45,-1,1
1,1,-45,1,0
1,1,-45,-1,0
1,1,-45,-1,1
1,1,45,1,1
1,1,-45,1,0
1,1,45,-1,1
1,1,-45,1,0
1,1,45,-1,1
1,1,-45,1,0
1,1,-45,-1,0
1,1,45,-1,1
1,1,45,1,1
1,1,45,1,0
1,1,-45,-1,0
1,1,-45,-1,1
1,1,-45,1,1
1,1,-45,1,0
1,1,45,-1,1
1,1,45,1,1
1,1,45,1,1
1,1,-45,1,1
1,1,45,1,1
1,1,45,1,1
1,1,45,1,1
1,1,45,1,0
1,1,45,-1,1
1,1,-45,1,0
1,1,45,-1,1
1,1,-45,1,1
1,1,-45,1,0
1,1,45,-1,1
1,1,-45,1,0
1,1,45,-1,1
1,1,45,1,1
1,1,-45,1,1
1,1,-45,1,0
1,1,-45,-1,0
1,1,45,-1,1
1,1,-45,1,0
1,1,45,-1,1
1,1,-45,1,0
1,1,-45,-1,0
1,1,-45,-1,1
1,1,-45,1,0
1,1,45,-1,1
1,1,-45,1,0
1,1,45,-1,1
1,1,-45,1,0
1,1,45,-1,1
1,1,-45,1,0
1,1,-45,-1,1
1,1,-45,1,1
1,1,-45,1,1
1,1,45,1,1
1,1,-45,1,0
1,1,-45,-1,0
1,1,45,-1,1
1,1,45,1,1
1,1,45,1,1
1,1,45,1,1
1,1,-45,1,0
1,1,45,-1,1
1,1,45,1,1
1,1,45,1,1
1,1,45,1,1
1,1,45,1,1
1,1,45,1,1
1,1,-45,1,1
1,1,-45,1,1
1,1,45,1,0
1,1,45,-1,1
1,1,45,1,0
1,1,-45,-1,1
1,1,-45,1,1
1,1,45,1,1
1,1,-45,1,0
1,1,45,-1,1
1,1,45,1,1
1,1,45,1,0
1,1,45,-1,0
1,1,45,-1,1
1,1,45,1,1
1,1,45,1,1
1,1,45,1,1
1,1,-45,1,0
1,1,45,-1,1
1,1,-45,1,1
1,1,-45,1,0
1,1,-45,-1,1
1,1,-45,1,0
1,1,-45,-1,0
1,1,45,-1,1
1,1,45,1,1
1,1,45,1,1
1,1,-45,1,0
1,1,45,-1,0
1,1,-45,-1,1
1,1,45,1,0
1,1,45,-1,1
1,1,-45,1,0
1,1,45,-1,1
1,1,-45,1,0
1,1,45,-1,1
1,1,-45,1,1
1,1,45,1,1
1,1,45,1,1
1,1,45,1,1
1,1,-45,1,0
1,1,-45,-1,0
1,1,45,-1,1
1,1,-45,1,1
1,1,45,1,1
1,2,45,0,1
1,2,45,1,1
1,2,45,1,1
1,2,-45,1,0
1,2,45,-1,1
1,2,45,1,1
1,2,45,1,1
1,2,45,1,1
1,2,45,1,1
1,2,45,1,1
1,2,-45,1,0
1,2,45,-1,1
1,2,45,1,1
1,2,45,1,1
1,2,45,1,1
1,2,45,1,1
1,2,45,1,1
1,2,45,1,1
1,2,45,1,1
1,2,-45,1,0
1,2,45,-1,1
1,2,-45,1,0
1,2,45,-1,1
1,2,-45,1,0
1,2,-45,-1,1
1,2,45,1,1
1,2,45,1,1
1,2,45,1,0
1,2,45,-1,1
1,2,45,1,1
1,2,-45,1,0
1,2,-45,-1,0
1,2,45,-1,1
1,2,-45,1,0
1,2,-45,-1,1
1,2,-45,1,1
1,2,45,1,1
1,2,45,1,1
1,2,-45,1,0
1,2,45,-1,1
1,2,45,1,1
1,2,-45,1,1
1,2,-45,1,0
1,2,45,-1,1
1,2,-45,1,0
1,2,-45,-1,1
1,2,45,1,1
1,2,-45,1,0
1,2,45,-1,1
1,2,-45,1,0
1,2,-45,-1,1
1,2,-45,1,1
1,2,45,1,0
1,2,45,-1,0
1,2,45,-1,1
1,2,45,1,1
1,2,45,1,1
1,2,45,1,1
1,2,45,1,1
1,2,-45,1,0
1,2,-45,-1,0
1,2,45,-1,1
1,2,45,1,1
1,2,-45,1,0
1,2,45,-1,1
1,2,-45,1,1
1,2,-45,1,0
1,2,-45,-1,1
1,2,-45,1,0
1,2,-45,-1,0
1,2,45,-1,1
1,2,45,1,1
1,2,45,1,1
1,2,45,1,1
1,2,45,1,1
1,2,45,1,1
1,2,-45,1,0
1,2,-45,-1,0
1,2,-45,-1,1
1,2,45,1,0
1,2,45,-1,1
1,2,45,1,1
1,2,-45,1,1
1,2,-45,1,0
1,2,45,-1,1
1,2,45,1,1
1,2,45,1,1
1,2,-45,1,0
1,2,45,-1,1
1,2,-45,1,1
1,2,-45,1,0
1,2,-45,-1,1
1,2,-45,1,1
1,2,45,1,0
1,2,-45,-1,0
1,2,45,-1,1
1,2,-45,1,1
1,2,-45,1,0
1,2,-45,-1,0
1,2,-45,-1,1
1,2,-45,1,0
1,2,-45,-1,0
1,2,45,-1,1
1,2,45,1,0
1,2,45,-1,1
1,2,-45,1,1
1,2,-45,1,1
1,2,45,1,1
1,2,45,1,0
1,2,45,-1,1
1,2,45,1,1
1,2,-45,1,1
1,2,-45,1,0
1,2,-45,-1,1
1,2,-45,1,0
1,2,45,-1,1
1,2,45,1,1
1,2,45,1,1
1,2,45,1,1
1,2,-45,1,1
1,2,45,1,0
1,2,-45,-1,0
1,2,45,-1,1
1,2,-45,1,1
1,2,-45,1,0
1,2,-45,-1,1
1,2,-45,1,0
1,2,45,-1,1
1,2,-45,1,0
1,2,45,-1,1
1,2,-45,1,0
1,2,45,-1,1
1,2,45,1,1
1,2,45,1,1
1,2,-45,1,0
1,2,-45,-1,0
1,2,-45,-1,0
1,2,-45,-1,0
1,2,-45,-1,0
1,2,45,-1,1
1,2,-45,1,1
1,2,45,1,1
1,2,-45,1,0
1,2,-45,-1,0
1,2,-45,-1,0
1,2,45,-1,0
1,2,45,-1,0
1,2,45,-1,1
1,2,-45,1,0
1,2,45,-1,1
1,2,45,1,1
1,2,45,1,0
1,2,45,-1,1
1,3,45,0,1
1,3,-45,1,1
1,3,45,1,1
1,3,-45,1,1
1,3,45,1,1
1,3,45,1,1
1,3,45,1,1
1,3,-45,1,0
1,3,45,-1,1
1,3,-45,1,1
1,3,45,1,1
1,3,-45,1,1
1,3,45,1,1
1,3,-45,1,0
1,3,45,-1,1
1,3,45,1,0
1,3,45,-1,1
1,3,-45,1,0
1,3,45,-1,1
1,3,-45,1,0
1,3,45,-1,1
1,3,-45,1,0
1,3,-45,-1,0
1,3,-45,-1,1
1,3,-45,1,0
1,3,45,-1,0
1,3,-45,-1,0
1,3,45,-1,1
1,3,-45,1,0
1,3,45,-1,1
1,3,-45,1,1
1,3,45,1,1
1,3,45,1,1
1,3,45,1,0
1,3,45,-1,1
1,3,-45,1,0
1,3,-45,-1,0
1,3,45,-1,0
1,3,45,-1,1
1,3,45,1,1
1,3,45,1,1
1,3,-45,1,0
1,3,-45,-1,0
1,3,-45,-1,1
1,3,45,1,1
1,3,45,1,0
1,3,-45,-1,1
1,3,-45,1,1
1,3,45,1,1
1,3,45,1,1
1,3,45,1,1
1,3,-45,1,0
1,3,-45,-1,0
1,3,45,-1,1
1,3,45,1,1
1,3,45,1,1
1,3,-45,1,0
1,3,-45,-1,0
1,3,45,-1,1
1,3,45,1,1
1,3,45,1,1
1,3,-45,1,0
1,3,45,-1,0
1,3,45,-1,1
1,3,45,1,1
1,3,45,1,1
1,3,45,1,1
1,3,-45,1,1
1,3,45,1,1
1,3,-45,1,0
1,3,-45,-1,0
1,3,45,-1,1
1,3,45,1,1
1,3,-45,1,0
1,3,-45,-1,0
1,3,45,-1,1
1,3,45,1,1
1,3,45,1,1
1,3,45,1,1
1,3,-45,1,1
1,3,-45,1,1
1,3,45,1,1
1,3,45,1,1
1,3,-45,1,1
1,3,-45,1,1
1,3,45,1,1
1,3,45,1,1
1,3,45,1,1
1,3,-45,1,0
1,3,45,-1,0
1,3,45,-1,1
1,3,-45,1,0
1,3,45,-1,1
1,3,45,1,1
1,3,45,1,0
1,3,-45,-1,0
1,3,-45,-1,0
1,3,45,-1,1
1,3,-45,1,1
1,3,-45,1,1
1,3,45,1,1
1,3,45,1,1
1,3,-45,1,1
1,3,-45,1,1
1,3,45,1,1
1,3,45,1,1
1,3,45,1,1
1,3,45,1,1
1,3,45,1,1
1,3,45,1,1
1,3,-45,1,0
1,3,-45,-1,1
1,3,-45,1,0
1,3,-45,-1,0
1,3,45,-1,1
1,3,-45,1,0
1,3,-45,-1,1
1,3,45,1,0
1,3,-45,-1,1
1,3,45,1,1
1,3,45,1,1
1,3,45,1,1
1,3,45,1,1
1,3,45,1,1
1,3,45,1,1
1,3,-45,1,0
1,3,-45,-1,0
1,3,-45,-1,1
1,3,-45,1,0
1,3,45,-1,1
1,3,45,1,1
1,3,-45,1,0
1,3,45,-1,1
1,3,-45,1,1
1,3,-45,1,0
1,3,45,-1,1
1,3,45,1,1
1,3,-45,1,0
1,3,45,-1,1
1,3,45,1,1
1,3,-45,1,1
1,3,-45,1,1
1,3,-45,1,1
1,3,45,1,1
1,3,45,1,0
1,3,45,-1,1
1,3,45,1,0
1,3,-45,-1,0
1,3,45,-1,1
1,3,45,1,1
1,3,45,1,1
1,3,-45,1,0
1,3,45,-1,0
1,4,45,0,1
1,4,45,1,1
1,4,-45,1,0
1,4,-45,-1,1
1,4,-45,1,1
1,4,-45,1,0
1,4,-45,-1,1
1,4,45,1,1
1,4,-45,1,1
1,4,-45,1,0
1,4,-45,-1,0
1,4,-45,-1,1
1,4,-45,1,1
1,4,-45,1,0
1,4,-45,-1,1
1,4,-45,1,0
1,4,-45,-1,1
1,4,-45,1,0
1,4,-45,-1,0
1,4,-45,-1,1
1,4,45,1,1
1,4,-45,1,0
1,4,-45,-1,0
1,4,45,-1,0
1,4,45,-1,1
1,4,45,1,1
1,4,45,1,1
1,4,-45,1,0
1,4,-45,-1,1
1,4,45,1,1
1,4,45,1,1
1,4,45,1,1
1,4,-45,1,0
1,4,-45,-1,1
1,4,-45,1,0
1,4,45,-1,0
1,4,45,-1,1
1,4,45,1,1
1,4,45,1,1
1,4,-45,1,0
1,4,45,-1,1
1,4,-45,1,1
1,4,45,1,1
1,4,-45,1,0
1,4,-45,-1,1
1,4,-45,1,1
1,4,-45,1,1
1,4,-45,1,0
1,4,45,-1,1
1,4,45,1,1
1,4,45,1,1
1,4,45,1,1
1,4,45,1,1
1,4,45,1,1
1,4,-45,1,0
1,4,45,-1,1
1,4,45,1,1
1,4,45,1,0
1,4,45,-1,1
1,4,45,1,1
1,4,45,1,1
1,4,-45,1,0
1,4,45,-1,1
1,4,45,1,0
1,4,45,-1,1
1,4,45,1,0
1,4,-45,-1,1
1,4,-45,1,0
1,4,-45,-1,1
1,4,-45,1,1
1,4,45,1,1
1,4,45,1,1
1,4,-45,1,0
1,4,-45,-1,0
1,4,-45,-1,1
1,4,-45,1,0
1,4,-45,-1,0
1,4,45,-1,0
1,4,45,-1,1
1,4,-45,1,1
1,4,45,1,1
1,4,-45,1,1
1,4,-45,1,0
1,4,45,-1,1
1,4,45,1,1
1,4,45,1,1
1,4,45,1,1
1,4,-45,1,0
1,4,-45,-1,0
1,4,-45,-1,0
1,4,-45,-1,0
1,4,-45,-1,0
1,4,45,-1,1
1,4,-45,1,1
1,4,45,1,1
1,4,-45,1,0
1,4,-45,-1,1
1,4,-45,1,0
1,4,-45,-1,0
1,4,45,-1,1
1,4,45,1,1
1,4,-45,1,0
1,4,45,-1,1
1,4,-45,1,0
1,4,45,-1,1
1,4,-45,1,1
1,4,45,1,1
1,4,45,1,0
1,4,-45,-1,1
1,4,45,1,1
1,4,45,1,1
1,4,-45,1,0
1,4,45,-1,0
1,4,45,-1,0
1,4,-45,-1,1
1,4,45,1,1
1,4,-45,1,0
1,4,45,-1,1
1,4,-45,1,1
1,4,-45,1,1
1,4,45,1,0
1,4,45,-1,0
1,4,45,-1,1
1,4,45,1,1
1,4,-45,1,0
1,4,45,-1,1
1,4,-45,1,1
1,4,45,1,1
1,4,45,1,1
1,4,45,1,1
1,4,45,1,1
1,4,-45,1,0
1,4,-45,-1,1
1,4,45,1,0
1,4,-45,-1,0
1,4,-45,-1,0
1,4,-45,-1,0
1,4,-45,-1,1
1,4,45,1,1
1,4,45,1,1
1,4,45,1,0
1,4,45,-1,1
1,4,-45,1,1
1,4,45,1,0
1,4,45,-1,1
1,4,-45,1,0
1,4,-45,-1,1
1,4,45,1,1
1,4,45,1,1
1,4,45,1,1
1,4,-45,1,1
1,4,45,1,1
1,4,-45,1,1
1,5,45,0,1
1,5,-45,1,0
1,5,-45,-1,0
1,5,-45,-1,0
1,5,-45,-1,0
1,5,45,-1,1
1,5,-45,1,0
1,5,45,-1,1
1,5,45,1,1
1,5,45,1,0
1,5,-45,-1,0
1,5,45,-1,0
1,5,45,-1,1
1,5,-45,1,0
1,5,45,-1,1
1,5,-45,1,0
1,5,45,-1,1
1,5,45,1,1
1,5,-45,1,0
1,5,-45,-1,1
1,5,45,1,1
1,5,45,1,0
1,5,-45,-1,0
1,5,-45,-1,0
1,5,-45,-1,0
1,5,45,-1,0
1,5,-45,-1,0
1,5,45,-1,1
1,5,-45,1,1
1,5,-45,1,0
1,5,-45,-1,1
1,5,-45,1,1
1,5,-45,1,0
1,5,45,-1,1
1,5,-45,1,0
1,5,-45,-1,1
1,5,-45,1,0
1,5,-45,-1,0
1,5,45,-1,1
1,5,45,1,1
1,5,45,1,1
1,5,45,1,0
1,5,45,-1,1
1,5,45,1,1
1,5,45,1,0
1,5,45,-1,1
1,5,45,1,1
1,5,-45,1,1
1,5,-45,1,1
1,5,45,1,1
1,5,-45,1,0
1,5,45,-1,1
1,5,45,1,1
1,5,-45,1,1
1,5,-45,1,1
1,5,45,1,1
1,5,45,1,0
1,5,-45,-1,0
1,5,45,-1,1
1,5,45,1,1
1,5,45,1,1
1,5,45,1,1
1,5,-45,1,1
1,5,45,1,1
1,5,-45,1,0
1,5,45,-1,0
1,5,45,-1,1
1,5,-45,1,0
1,5,45,-1,1
1,5,45,1,1
1,5,45,1,1
1,5,-45,1,0
1,5,45,-1,1
1,5,-45,1,1
1,5,-45,1,0
1,5,-45,-1,1
1,5,45,1,1
1,5,45,1,1
1,5,45,1,1
1,5,-45,1,1
1,5,45,1,1
1,5,-45,1,1
1,5,45,1,1
1,5,-45,1,1
1,5,45,1,0
1,5,-45,-1,1
1,5,45,1,0
1,5,-45,-1,1
1,5,45,1,1
1,5,-45,1,0
1,5,45,-1,1
1,5,45,1,1
1,5,-45,1,0
1,5,-45,-1,1
1,5,-45,1,1
1,5,-45,1,0
1,5,45,-1,0
1,5,-45,-1,1
1,5,45,1,1
1,5,45,1,1
1,5,45,1,1
1,5,45,1,1
1,5,-45,1,0
1,5,45,-1,1
1,5,-45,1,1
1,5,45,1,1
1,5,-45,1,1
1,5,-45,1,0
1,5,-45,-1,1
1,5,-45,1,0
1,5,-45,-1,0
1,5,45,-1,0
1,5,-45,-1,0
1,5,-45,-1,1
1,5,-45,1,0
1,5,45,-1,1
1,5,-45,1,0
1,5,-45,-1,0
1,5,45,-1,1
1,5,45,1,1
1,5,-45,1,0
1,5,-45,-1,0
1,5,45,-1,0
1,5,-45,-1,1
1,5,-45,1,0
1,5,-45,-1,0
1,5,45,-1,1
1,5,45,1,1
1,5,-45,1,1
1,5,45,1,1
1,5,-45,1,1
1,5,-45,1,1
1,5,45,1,1
1,5,45,1,1
1,5,45,1,1
1,5,-45,1,0
1,5,-45,-1,0
1,5,45,-1,1
1,5,45,1,1
1,5,-45,1,1
1,5,45,1,0
1,5,-45,-1,1
1,5,-45,1,0
1,5,-45,-1,1
1,5,-45,1,0
1,5,-45,-1,0
1,5,45,-1,1
1,5,-45,1,1
1,5,45,1,0
1,5,45,-1,1
1,5,-45,1,0
1,5,-45,-1,1
1,5,45,1,1
1,6,45,0,1
1,6,45,1,1
1,6,45,1,1
1,6,-45,1,1
1,6,45,1,1
1,6,-45,1,0
1,6,45,-1,1
1,6,-45,1,1
1,6,-45,1,0
1,6,45,-1,0
1,6,-45,-1,1
1,6,-45,1,1
1,6,-45,1,0
1,6,45,-1,1
1,6,45,1,1
1,6,-45,1,1
1,6,-45,1,0
1,6,-45,-1,0
1,6,-45,-1,0
1,6,45,-1,1
1,6,45,1,1
1,6,-45,1,1
1,6,-45,1,1
1,6,-45,1,1
1,6,-45,1,0
1,6,-45,-1,1
1,6,-45,1,0
1,6,45,-1,1
1,6,45,1,1
1,6,45,1,1
1,6,45,1,1
1,6,45,1,1
1,6,45,1,1
1,6,45,1,1
1,6,45,1,1
1,6,45,1,1
1,6,45,1,0
1,6,45,-1,1
1,6,-45,1,0
1,6,-45,-1,0
1,6,-45,-1,0
1,6,-45,-1,1
1,6,45,1,1
1,6,-45,1,0
1,6,-45,-1,0
1,6,-45,-1,1
1,6,45,1,1
1,6,45,1,0
1,6,-45,-1,0
1,6,-45,-1,1
1,6,45,1,1
1,6,-45,1,0
1,6,45,-1,1
1,6,45,1,0
1,6,45,-1,0
1,6,-45,-1,1
1,6,45,1,1
1,6,45,1,1
1,6,45,1,0
1,6,45,-1,1
1,6,45,1,1
1,6,-45,1,1
1,6,-45,1,0
1,6,-45,-1,0
1,6,-45,-1,0
1,6,-45,-1,1
1,6,-45,1,0
1,6,45,-1,1
1,6,45,1,1
1,6,-45,1,0
1,6,45,-1,1
1,6,-45,1,0
1,6,-45,-1,0
1,6,45,-1,1
1,6,-45,1,0
1,6,45,-1,1
1,6,45,1,1
1,6,-45,1,0
1,6,-45,-1,1
1,6,-45,1,1
1,6,-45,1,0
1,6,45,-1,0
1,6,-45,-1,0
1,6,-45,-1,0
1,6,-45,-1,1
1,6,-45,1,0
1,6,45,-1,1
1,6,45,1,0
1,6,-45,-1,0
1,6,45,-1,1
1,6,45,1,1
1,6,-45,1,0
1,6,-45,-1,0
1,6,45,-1,1
1,6,-45,1,1
1,6,-45,1,1
1,6,-45,1,1
1,6,45,1,1
1,6,45,1,1
1,6,45,1,0
1,6,-45,-1,1
1,6,45,1,1
1,6,45,1,0
1,6,45,-1,1
1,6,-45,1,0
1,6,45,-1,1
1,6,45,1,1
1,6,-45,1,0
1,6,45,-1,0
1,6,45,-1,1
1,6,-45,1,1
1,6,-45,1,0
1,6,-45,-1,0
1,6,-45,-1,0
1,6,-45,-1,0
1,6,-45,-1,0
1,6,-45,-1,0
1,6,45,-1,1
1,6,45,1,1
1,6,45,1,0
1,6,45,-1,1
1,6,45,1,1
1,6,-45,1,0
1,6,-45,-1,1
1,6,-45,1,0
1,6,45,-1,1
1,6,45,1,1
1,6,-45,1,0
1,6,45,-1,1
1,6,45,1,1
1,6,45,1,1
1,6,45,1,1
1,6,45,1,1
1,6,-45,1,0
1,6,-45,-1,0
1,6,45,-1,1
1,6,-45,1,1
1,6,45,1,0
1,6,45,-1,1
1,6,-45,1,0
1,6,-45,-1,0
1,6,45,-1,1
1,6,-45,1,0
1,6,-45,-1,1
1,6,-45,1,1
1,6,45,1,1
1,6,-45,1,0
1,6,45,-1,1
1,6,-45,1,0
1,6,-45,-1,0
1,6,-45,-1,1
1,6,45,1,0
1,6,45,-1,1
1,7,45,0,1
1,7,45,1,0
1,7,45,-1,0
1,7,45,-1,1
1,7,-45,1,1
1,7,-45,1,0
1,7,-45,-1,1
1,7,-45,1,0
1,7,45,-1,0
1,7,-45,-1,0
1,7,45,-1,1
1,7,45,1,1
1,7,45,1,1
1,7,45,1,1
1,7,45,1,1
1,7,-45,1,1
1,7,45,1,1
1,7,45,1,1
1,7,-45,1,0
1,7,-45,-1,0
1,7,45,-1,1
1,7,-45,1,0
1,7,-45,-1,1
1,7,45,1,0
1,7,45,-1,0
1,7,45,-1,1
1,7,-45,1,1
1,7,45,1,1
1,7,-45,1,1
1,7,45,1,0
1,7,45,-1,1
1,7,45,1,1
1,7,45,1,1
1,7,-45,1,0
1,7,45,-1,1
1,7,45,1,1
1,7,45,1,1
1,7,45,1,1
1,7,-45,1,1
1,7,-45,1,1
1,7,-45,1,1
1,7,45,1,1
1,7,-45,1,0
1,7,-45,-1,0
1,7,-45,-1,1
1,7,45,1,0
1,7,-45,-1,0
1,7,-45,-1,0
1,7,45,-1,1
1,7,45,1,1
1,7,-45,1,1
1,7,45,1,1
1,7,45,1,0
1,7,-45,-1,0
1,7,-45,-1,1
1,7,45,1,1
1,7,-45,1,0
1,7,-45,-1,1
1,7,45,1,0
1,7,45,-1,1
1,7,45,1,1
1,7,45,1,1
1,7,-45,1,1
1,7,45,1,1
1,7,-45,1,0
1,7,-45,-1,1
1,7,45,1,1
1,7,45,1,1
1,7,45,1,1
1,7,45,1,1
1,7,-45,1,1
1,7,-45,1,1
1,7,45,1,1
1,7,45,1,0
1,7,45,-1,0
1,7,45,-1,1
1,7,-45,1,0
1,7,-45,-1,1
1,7,45,1,0
1,7,45,-1,1
1,7,-45,1,0
1,7,45,-1,0
1,7,-45,-1,1
1,7,-45,1,1
1,7,-45,1,0
1,7,45,-1,1
1,7,-45,1,0
1,7,-45,-1,0
1,7,-45,-1,0
1,7,-45,-1,0
1,7,-45,-1,0
1,7,45,-1,1
1,7,-45,1,0
1,7,45,-1,1
1,7,-45,1,1
1,7,-45,1,0
1,7,45,-1,1
1,7,45,1,1
1,7,-45,1,0
1,7,45,-1,1
1,7,45,1,1
1,7,45,1,1
1,7,-45,1,0
1,7,-45,-1,1
1,7,-45,1,0
1,7,45,-1,1
1,7,45,1,1
1,7,-45,1,0
1,7,45,-1,1
1,7,45,1,1
1,7,45,1,1
1,7,45,1,0
1,7,-45,-1,0
1,7,45,-1,1
1,7,-45,1,0
1,7,45,-1,0
1,7,-45,-1,0
1,7,45,-1,1
1,7,45,1,1
1,7,-45,1,0
1,7,45,-1,1
1,7,45,1,0
1,7,-45,-1,1
1,7,45,1,1
1,7,45,1,1
1,7,-45,1,0
1,7,-45,-1,1
1,7,-45,1,0
1,7,45,-1,0
1,7,45,-1,0
1,7,-45,-1,0
1,7,-45,-1,1
1,7,45,1,0
1,7,-45,-1,0
1,7,45,-1,1
1,7,-45,1,0
1,7,45,-1,1
1,7,45,1,1
1,7,-45,1,1
1,7,-45,1,1
1,7,-45,1,1
1,7,45,1,1
1,7,45,1,0
1,7,-45,-1,0
1,7,-45,-1,1
1,7,-45,1,0
1,7,45,-1,1
1,7,-45,1,0
1,7,-45,-1,1
1,7,-45,1,0
1,7,45,-1,1
1,7,45,1,1
1,7,-45,1,0
1,8,-45,0,1
1,8,45,1,1
1,8,45,1,1
1,8,45,1,1
1,8,-45,1,1
1,8,-45,1,0
1,8,45,-1,1
1,8,-45,1,0
1,8,45,-1,1
1,8,45,1,1
1,8,-45,1,1
1,8,-45,1,1
1,8,-45,1,0
1,8,45,-1,1
1,8,-45,1,1
1,8,-45,1,0
1,8,45,-1,1
1,8,-45,1,0
1,8,45,-1,1
1,8,-45,1,1
1,8,45,1,1
1,8,-45,1,1
1,8,-45,1,0
1,8,45,-1,1
1,8,45,1,1
1,8,45,1,1
1,8,45,1,1
1,8,45,1,1
1,8,-45,1,0
1,8,45,-1,1
1,8,45,1,1
1,8,-45,1,1
1,8,45,1,1
1,8,45,1,0
1,8,45,-1,1
1,8,45,1,1
1,8,45,1,1
1,8,-45,1,0
1,8,45,-1,1
1,8,45,1,1
1,8,45,1,1
1,8,45,1,1
1,8,-45,1,0
1,8,45,-1,1
1,8,-45,1,1
1,8,-45,1,1
1,8,45,1,1
1,8,45,1,1
1,8,45,1,1
1,8,-45,1,0
1,8,-45,-1,1
1,8,45,1,1
1,8,-45,1,0
1,8,-45,-1,1
1,8,-45,1,0
1,8,-45,-1,1
1,8,-45,1,0
1,8,45,-1,1
1,8,-45,1,0
1,8,-45,-1,0
1,8,-45,-1,0
1,8,-45,-1,0
1,8,45,-1,1
1,8,-45,1,0
1,8,-45,-1,0
1,8,-45,-1,0
1,8,-45,-1,1
1,8,-45,1,0
1,8,45,-1,1
1,8,-45,1,0
1,8,-45,-1,1
1,8,-45,1,0
1,8,-45,-1,1
1,8,-45,1,1
1,8,45,1,1
1,8,-45,1,1
1,8,-45,1,1
1,8,-45,1,1
1,8,45,1,1
1,8,45,1,1
1,8,45,1,1
1,8,45,1,1
1,8,-45,1,1
1,8,-45,1,1
1,8,45,1,1
1,8,45,1,1
1,8,-45,1,1
1,8,45,1,0
1,8,-45,-1,0
1,8,-45,-1,0
1,8,45,-1,1
1,8,45,1,1
1,8,45,1,0
1,8,-45,-1,0
1,8,45,-1,1
1,8,-45,1,0
1,8,45,-1,1
1,8,45,1,1
1,8,-45,1,0
1,8,-45,-1,1
1,8,45,1,1
1,8,45,1,1
1,8,-45,1,0
1,8,45,-1,1
1,8,-45,1,0
1,8,45,-1,1
1,8,-45,1,1
1,8,45,1,1
1,8,45,1,1
1,8,-45,1,1
1,8,-45,1,1
1,8,45,1,0
1,8,45,-1,1
1,8,45,1,1
1,8,-45,1,0
1,8,45,-1,1
1,8,-45,1,0
1,8,45,-1,1
1,8,45,1,1
1,8,45,1,1
1,8,-45,1,0
1,8,45,-1,1
1,8,45,1,1
1,8,45,1,1
1,8,45,1,1
1,8,45,1,1
1,8,-45,1,0
1,8,45,-1,1
1,8,45,1,1
1,8,-45,1,0
1,8,-45,-1,0
1,8,45,-1,1
1,8,45,1,1
1,8,-45,1,0
1,8,-45,-1,1
1,8,45,1,1
1,8,-45,1,0
1,8,-45,-1,0
1,8,-45,-1,0
1,8,45,-1,1
1,8,-45,1,0
1,8,-45,-1,0
1,8,45,-1,1
1,8,-45,1,0
1,8,45,-1,1
1,8,45,1,0
1,8,-45,-1,0
1,8,45,-1,1
1,8,-45,1,0
1,8,-45,-1,1
1,8,45,1,1
1,8,45,1,1
1,8,45,1,1
1,9,45,0,1
1,9,45,1,0
1,9,-45,-1,0
1,9,45,-1,1
1,9,-45,1,0
1,9,-45,-1,0
1,9,-45,-1,0
1,9,45,-1,1
1,9,45,1,1
1,9,45,1,1
1,9,-45,1,0
1,9,-45,-1,0
1,9,-45,-1,0
1,9,-45,-1,1
1,9,-45,1,1
1,9,-45,1,0
1,9,-45,-1,0
1,9,45,-1,1
1,9,-45,1,1
1,9,45,1,0
1,9,-45,-1,0
1,9,45,-1,1
1,9,45,1,1
1,9,45,1,1
1,9,45,1,1
1,9,-45,1,1
1,9,45,1,1
1,9,-45,1,0
1,9,-45,-1,0
1,9,45,-1,1
1,9,45,1,1
1,9,45,1,1
1,9,-45,1,1
1,9,45,1,1
1,9,45,1,1
1,9,45,1,0
1,9,-45,-1,0
1,9,-45,-1,1
1,9,-45,1,1
1,9,-45,1,1
1,9,45,1,1
1,9,-45,1,0
1,9,-45,-1,0
1,9,45,-1,1
1,9,45,1,1
1,9,-45,1,0
1,9,-45,-1,1
1,9,-45,1,1
1,9,-45,1,1
1,9,45,1,0
1,9,-45,-1,0
1,9,-45,-1,1
1,9,45,1,1
1,9,45,1,0
1,9,-45,-1,0
1,9,-45,-1,0
1,9,45,-1,1
1,9,45,1,0
1,9,-45,-1,1
1,9,-45,1,0
1,9,45,-1,1
1,9,45,1,1
1,9,45,1,1
1,9,45,1,0
1,9,-45,-1,0
1,9,45,-1,1
1,9,45,1,1
1,9,-45,1,0
1,9,45,-1,1
1,9,-45,1,0
1,9,45,-1,1
1,9,45,1,1
1,9,45,1,1
1,9,-45,1,1
1,9,45,1,1
1,9,45,1,1
1,9,45,1,1
1,9,-45,1,0
1,9,-45,-1,0
1,9,45,-1,1
1,9,45,1,1
1,9,45,1,1
1,9,45,1,1
1,9,45,1,1
1,9,-45,1,0
1,9,45,-1,1
1,9,45,1,1
1,9,45,1,1
1,9,45,1,0
1,9,-45,-1,1
1,9,-45,1,0
1,9,-45,-1,1
1,9,45,1,1
1,9,-45,1,0
1,9,-45,-1,0
1,9,-45,-1,0
1,9,-45,-1,0
1,9,-45,-1,0
1,9,45,-1,1
1,9,45,1,1
1,9,45,1,1
1,9,-45,1,0
1,9,-45,-1,1
1,9,45,1,1
1,9,45,1,1
1,9,45,1,1
1,9,-45,1,0
1,9,-45,-1,1
1,9,45,1,1
1,9,-45,1,0
1,9,45,-1,1
1,9,-45,1,0
1,9,-45,-1,1
1,9,-45,1,0
1,9,-45,-1,0
1,9,45,-1,0
1,9,-45,-1,0
1,9,45,-1,0
1,9,-45,-1,0
1,9,-45,-1,0
1,9,45,-1,1
1,9,-45,1,1
1,9,45,1,1
1,9,45,1,1
1,9,-45,1,0
1,9,45,-1,0
1,9,45,-1,0
1,9,-45,-1,0
1,9,45,-1,0
1,9,-45,-1,0
1,9,-45,-1,1
1,9,45,1,1
1,9,45,1,0
1,9,-45,-1,0
1,9,-45,-1,1
1,9,-45,1,0
1,9,45,-1,1
1,9,45,1,1
1,9,45,1,1
1,9,45,1,1
1,9,45,1,1
1,9,45,1,1
1,9,-45,1,0
1,9,45,-1,1
1,9,-45,1,0
1,9,45,-1,1
1,9,45,1,1
1,9,-45,1,0
1,9,45,-1,0
1,9,45,-1,1
1,9,45,1,1
1,9,-45,1,0
1,9,-45,-1,0
1,10,-45,0,0
1,10,-45,-1,0
1,10,45,-1,1
1,10,-45,1,0
1,10,-45,-1,0
1,10,-45,-1,1
1,10,45,1,1
1,10,-45,1,0
1,10,45,-1,1
1,10,45,1,0
1,10,45,-1,1
1,10,-45,1,1
1,10,45,1,0
1,10,-45,-1,0
1,10,45,-1,1
1,10,-45,1,1
1,10,45,1,1
1,10,45,1,1
1,10,-45,1,1
1,10,-45,1,0
1,10,-45,-1,1
1,10,45,1,1
1,10,45,1,1
1,10,45,1,1
1,10,45,1,1
1,10,-45,1,0
1,10,-45,-1,1
1,10,45,1,1
1,10,45,1,1
1,10,-45,1,1
1,10,45,1,0
1,10,45,-1,1
1,10,45,1,1
1,10,-45,1,1
1,10,45,1,1
1,10,-45,1,1
1,10,45,1,1
1,10,45,1,1
1,10,45,1,1
1,10,45,1,1
1,10,45,1,1
1,10,45,1,1
1,10,-45,1,1
1,10,45,1,1
1,10,45,1,0
1,10,45,-1,1
1,10,45,1,1
1,10,45,1,1
1,10,45,1,1
1,10,45,1,1
1,10,45,1,1
1,10,-45,1,0
1,10,45,-1,1
1,10,45,1,1
1,10,-45,1,0
1,10,-45,-1,0
1,10,45,-1,1
1,10,45,1,1
1,10,45,1,0
1,10,-45,-1,0
1,10,-45,-1,0
1,10,-45,-1,0
1,10,-45,-1,0
1,10,-45,-1,1
1,10,45,1,1
1,10,-45,1,0
1,10,-45,-1,0
1,10,-45,-1,0
1,10,45,-1,1
1,10,-45,1,0
1,10,-45,-1,0
1,10,45,-1,1
1,10,-45,1,0
1,10,-45,-1,0
1,10,-45,-1,0
1,10,45,-1,1
1,10,-45,1,0
1,10,45,-1,1
1,10,-45,1,0
1,10,45,-1,1
1,10,45,1,1
1,10,-45,1,1
1,10,45,1,0
1,10,45,-1,1
1,10,45,1,1
1,10,45,1,1
1,10,-45,1,0
1,10,45,-1,1
1,10,45,1,1
1,10,45,1,0
1,10,-45,-1,1
1,10,-45,1,1
1,10,45,1,1
1,10,-45,1,0
1,10,-45,-1,1
1,10,-45,1,1
1,10,45,1,1
1,10,-45,1,0
1,10,-45,-1,0
1,10,45,-1,1
1,10,-45,1,0
1,10,45,-1,1
1,10,45,1,1
1,10,-45,1,1
1,10,45,1,1
1,10,45,1,0
1,10,-45,-1,0
1,10,-45,-1,0
1,10,45,-1,0
1,10,-45,-1,0
1,10,45,-1,1
1,10,-45,1,0
1,10,45,-1,1
1,10,-45,1,0
1,10,-45,-1,1
1,10,45,1,1
1,10,45,1,1
1,10,-45,1,0
1,10,45,-1,1
1,10,45,1,1
1,10,-45,1,1
1,10,-45,1,0
1,10,-45,-1,0
1,10,45,-1,1
1,10,45,1,1
1,10,-45,1,0
1,10,45,-1,1
1,10,-45,1,0
1,10,45,-1,1
1,10,-45,1,1
1,10,45,1,0
1,10,45,-1,1
1,10,-45,1,0
1,10,45,-1,1
1,10,-45,1,1
1,10,45,1,1
1,10,-45,1,1
1,10,45,1,1
1,10,-45,1,0
1,10,-45,-1,0
1,10,-45,-1,1
1,10,45,1,1
1,10,45,1,1
1,10,45,1,1
1,10,-45,1,1
1,10,-45,1,0
1,10,45,-1,1
1,10,45,1,1
1,10,-45,1,0
1,10,-45,-1,1
1,10,45,1,0
1,10,-45,-1,1
1,10,45,1,1
2,1,-45,0,0
2,1,-45,-1,1
2,1,-45,1,0
2,1,-45,-1,0
2,1,-45,-1,0
2,1,45,-1,1
2,1,-45,1,0
2,1,-45,-1,0
2,1,-45,-1,0
2,1,-45,-1,0
2,1,-45,-1,0
2,1,45,-1,1
2,1,-45,1,0
2,1,45,-1,0
2,1,-45,-1,0
2,1,45,-1,1
2,1,45,1,0
2,1,45,-1,0
2,1,-45,-1,0
2,1,-45,-1,0
2,1,45,-1,1
2,1,-45,1,0
2,1,45,-1,1
2,1,-45,1,0
2,1,45,-1,1
2,1,-45,1,0
2,1,45,-1,1
2,1,45,1,1
2,1,-45,1,0
2,1,-45,-1,0
2,1,45,-1,1
2,1,-45,1,0
2,1,45,-1,1
2,1,-45,1,0
2,1,-45,-1,0
2,1,-45,-1,0
2,1,45,-1,1
2,1,-45,1,0
2,1,45,-1,1
2,1,-45,1,0
2,1,-45,-1,1
2,1,45,1,1
2,1,45,1,0
2,1,-45,-1,0
2,1,45,-1,1
2,1,-45,1,0
2,1,-45,-1,0
2,1,45,-1,1
2,1,45,1,0
2,1,-45,-1,0
2,1,45,-1,1
2,1,45,1,0
2,1,-45,-1,0
2,1,45,-1,0
2,1,45,-1,1
2,1,45,1,1
2,1,-45,1,0
2,1,-45,-1,1
2,1,45,1,1
2,1,-45,1,0
2,1,-45,-1,0
2,1,45,-1,1
2,1,-45,1,0
2,1,45,-1,1
2,1,-45,1,0
2,1,45,-1,1
2,1,-45,1,0
2,1,45,-1,1
2,1,45,1,1
2,1,-45,1,0
2,1,-45,-1,1
2,1,-45,1,0
2,1,-45,-1,0
2,1,45,-1,1
2,1,45,1,1
2,1,45,1,1
2,1,-45,1,0
2,1,-45,-1,0
2,1,-45,-1,0
2,1,45,-1,1
2,1,-45,1,0
2,1,-45,-1,0
2,1,45,-1,1
2,1,-45,1,0
2,1,45,-1,1
2,1,45,1,1
2,1,45,1,1
2,1,-45,1,1
2,1,-45,1,0
2,1,45,-1,1
2,1,-45,1,0
2,1,-45,-1,0
2,1,45,-1,1
2,1,45,1,1
2,1,-45,1,0
2,1,-45,-1,0
2,1,45,-1,0
2,1,45,-1,0
2,1,45,-1,0
2,1,-45,-1,1
2,1,45,1,1
2,1,-45,1,0
2,1,45,-1,1
2,1,45,1,1
2,1,-45,1,0
2,1,45,-1,1
2,1,-45,1,0
2,1,-45,-1,0
2,1,45,-1,0
2,1,45,-1,1
2,1,-45,1,0
2,1,-45,-1,0
2,1,45,-1,1
2,1,-45,1,1
2,1,45,1,1
2,1,45,1,1
2,1,45,1,1
2,1,45,1,1
2,1,-45,1,0
2,1,45,-1,1
2,1,-45,1,0
2,1,45,-1,1
2,1,-45,1,0
2,1,45,-1,1
2,1,-45,1,1
2,1,45,1,1
2,1,-45,1,0
2,1,-45,-1,0
2,1,-45,-1,0
2,1,-45,-1,0
2,1,45,-1,1
2,1,-45,1,0
2,1,45,-1,1
2,1,-45,1,0
2,1,45,-1,0
2,1,-45,-1,0
2,1,45,-1,1
2,1,-45,1,0
2,1,-45,-1,0
2,1,-45,-1,0
2,1,45,-1,1
2,1,45,1,1
2,1,45,1,1
2,1,45,1,1
2,1,-45,1,1
2,1,45,1,0
2,1,45,-1,1
2,1,45,1,1
2,1,-45,1,1
2,1,45,1,1
2,1,-45,1,0
2,1,45,-1,0
2,1,45,-1,1
2,2,45,0,1
2,2,-45,1,0
2,2,-45,-1,0
2,2,-45,-1,0
2,2,45,-1,1
2,2,45,1,1
2,2,-45,1,0
2,2,-45,-1,0
2,2,45,-1,0
2,2,-45,-1,0
2,2,-45,-1,0
2,2,-45,-1,0
2,2,45,-1,1
2,2,45,1,1
2,2,45,1,1
2,2,-45,1,1
2,2,45,1,1
2,2,45,1,0
2,2,45,-1,1
2,2,45,1,1
2,2,-45,1,1
2,2,-45,1,1
2,2,-45,1,1
2,2,45,1,1
2,2,-45,1,1
2,2,-45,1,1
2,2,45,1,1
2,2,-45,1,1
2,2,45,1,1
2,2,-45,1,0
2,2,-45,-1,1
2,2,-45,1,0
2,2,45,-1,1
2,2,-45,1,0
2,2,45,-1,1
2,2,45,1,1
2,2,45,1,1
2,2,-45,1,0
2,2,45,-1,1
2,2,45,1,1
2,2,-45,1,0
2,2,45,-1,1
2,2,45,1,1
2,2,45,1,1
2,2,-45,1,0
2,2,45,-1,0
2,2,45,-1,1
2,2,-45,1,1
2,2,45,1,1
2,2,-45,1,0
2,2,45,-1,1
2,2,45,1,1
2,2,-45,1,0
2,2,45,-1,1
2,2,-45,1,0
2,2,45,-1,1
2,2,45,1,0
2,2,-45,-1,0
2,2,-45,-1,0
2,2,45,-1,1
2,2,45,1,0
2,2,-45,-1,0
2,2,-45,-1,0
2,2,45,-1,1
2,2,-45,1,0
2,2,-45,-1,0
2,2,45,-1,1
2,2,45,1,0
2,2,45,-1,1
2,2,45,1,1
2,2,-45,1,0
2,2,-45,-1,0
2,2,-45,-1,0
2,2,45,-1,0
2,2,45,-1,0
2,2,-45,-1,1
2,2,45,1,0
2,2,45,-1,1
2,2,45,1,1
2,2,-45,1,0
2,2,45,-1,1
2,2,-45,1,0
2,2,45,-1,1
2,2,45,1,1
2,2,45,1,1
2,2,45,1,0
2,2,-45,-1,0
2,2,-45,-1,0
2,2,45,-1,1
2,2,-45,1,1
2,2,-45,1,0
2,2,45,-1,0
2,2,-45,-1,0
2,2,45,-1,1
2,2,-45,1,1
2,2,-45,1,0
2,2,45,-1,1
2,2,-45,1,0
2,2,-45,-1,0
2,2,45,-1,1
2,2,-45,1,1
2,2,-45,1,0
2,2,-45,-1,0
2,2,-45,-1,0
2,2,-45,-1,1
2,2,45,1,1
2,2,-45,1,1
2,2,-45,1,0
2,2,-45,-1,1
2,2,45,1,1
2,2,45,1,1
2,2,-45,1,0
2,2,45,-1,0
2,2,-45,-1,1
2,2,-45,1,0
2,2,45,-1,1
2,2,-45,1,1
2,2,-45,1,0
2,2,45,-1,1
2,2,45,1,1
2,2,45,1,1
2,2,45,1,1
2,2,-45,1,1
2,2,45,1,1
2,2,-45,1,1
2,2,45,1,1
2,2,-45,1,0
2,2,45,-1,1
2,2,-45,1,0
2,2,-45,-1,0
2,2,-45,-1,0
2,2,-45,-1,0
2,2,-45,-1,0
2,2,45,-1,1
2,2,45,1,1
2,2,-45,1,0
2,2,45,-1,0
2,2,-45,-1,0
2,2,-45,-1,0
2,2,-45,-1,0
2,2,-45,-1,0
2,2,-45,-1,0
2,2,-45,-1,0
2,2,-45,-1,0
2,2,-45,-1,0
2,2,-45,-1,0
2,2,-45,-1,0
2,2,45,-1,0
2,2,45,-1,0
2,2,-45,-1,0
2,2,-45,-1,0
2,2,45,-1,1
2,2,45,1,1
2,3,45,0,1
2,3,-45,1,0
2,3,45,-1,1
2,3,-45,1,0
2,3,45,-1,1
2,3,-45,1,0
2,3,45,-1,1
2,3,-45,1,0
2,3,-45,-1,0
2,3,45,-1,1
2,3,-45,1,0
2,3,-45,-1,1
2,3,-45,1,1
2,3,-45,1,1
2,3,45,1,1
2,3,-45,1,0
2,3,45,-1,1
2,3,45,1,0
2,3,-45,-1,1
2,3,45,1,0
2,3,45,-1,1
2,3,45,1,0
2,3,45,-1,1
2,3,45,1,1
2,3,-45,1,1
2,3,-45,1,0
2,3,-45,-1,0
2,3,-45,-1,0
2,3,-45,-1,0
2,3,45,-1,1
2,3,-45,1,0
2,3,45,-1,1
2,3,-45,1,0
2,3,45,-1,0
2,3,45,-1,0
2,3,45,-1,0
2,3,45,-1,1
2,3,-45,1,0
2,3,-45,-1,1
2,3,-45,1,1
2,3,-45,1,0
2,3,-45,-1,0
2,3,-45,-1,0
2,3,45,-1,1
2,3,-45,1,0
2,3,45,-1,0
2,3,-45,-1,0
2,3,-45,-1,0
2,3,45,-1,1
2,3,45,1,1
2,3,-45,1,1
2,3,-45,1,0
2,3,45,-1,1
2,3,45,1,1
2,3,-45,1,0
2,3,45,-1,1
2,3,-45,1,0
2,3,-45,-1,0
2,3,45,-1,1
2,3,45,1,1
2,3,45,1,1
2,3,45,1,1
2,3,-45,1,0
2,3,-45,-1,0
2,3,-45,-1,0
2,3,45,-1,0
2,3,45,-1,1
2,3,45,1,1
2,3,45,1,1
2,3,45,1,1
2,3,-45,1,0
2,3,45,-1,1
2,3,-45,1,0
2,3,-45,-1,0
2,3,45,-1,1
2,3,-45,1,0
2,3,-45,-1,0
2,3,45,-1,1
2,3,45,1,1
2,3,45,1,1
2,3,45,1,1
2,3,-45,1,1
2,3,-45,1,1
2,3,-45,1,0
2,3,45,-1,0
2,3,45,-1,1
2,3,-45,1,0
2,3,45,-1,1
2,3,-45,1,0
2,3,-45,-1,1
2,3,-45,1,0
2,3,45,-1,1
2,3,-45,1,0
2,3,45,-1,1
2,3,-45,1,0
2,3,45,-1,1
2,3,-45,1,0
2,3,45,-1,1
2,3,-45,1,0
2,3,45,-1,1
2,3,45,1,0
2,3,-45,-1,0
2,3,-45,-1,0
2,3,45,-1,1
2,3,45,1,1
2,3,-45,1,0
2,3,-45,-1,0
2,3,45,-1,1
2,3,45,1,0
2,3,45,-1,1
2,3,45,1,1
2,3,-45,1,1
2,3,-45,1,1
2,3,45,1,1
2,3,-45,1,0
2,3,45,-1,0
2,3,45,-1,1
2,3,-45,1,0
2,3,45,-1,0
2,3,45,-1,1
2,3,45,1,1
2,3,-45,1,0
2,3,45,-1,1
2,3,-45,1,0
2,3,45,-1,1
2,3,-45,1,0
2,3,45,-1,1
2,3,45,1,1
2,3,45,1,1
2,3,-45,1,0
2,3,-45,-1,0
2,3,-45,-1,0
2,3,-45,-1,1
2,3,-45,1,0
2,3,45,-1,0
2,3,-45,-1,0
2,3,-45,-1,0
2,3,45,-1,0
2,3,-45,-1,0
2,3,45,-1,1
2,3,-45,1,0
2,3,45,-1,1
2,3,-45,1,0
2,3,-45,-1,0
2,3,-45,-1,0
2,3,45,-1,0
2,3,45,-1,1
2,3,45,1,1
2,3,-45,1,0
2,3,45,-1,1
2,3,-45,1,0
2,3,-45,-1,0
2,3,-45,-1,0
2,4,45,0,1
2,4,-45,1,0
2,4,45,-1,1
2,4,45,1,1
2,4,45,1,1
2,4,-45,1,0
2,4,-45,-1,0
2,4,45,-1,0
2,4,-45,-1,0
2,4,-45,-1,0
2,4,45,-1,1
2,4,45,1,1
2,4,-45,1,1
2,4,-45,1,1
2,4,45,1,1
2,4,-45,1,0
2,4,-45,-1,0
2,4,45,-1,0
2,4,45,-1,0
2,4,45,-1,1
2,4,-45,1,0
2,4,-45,-1,0
2,4,45,-1,1
2,4,45,1,0
2,4,45,-1,0
2,4,45,-1,0
2,4,-45,-1,0
2,4,45,-1,1
2,4,45,1,0
2,4,-45,-1,0
2,4,-45,-1,0
2,4,-45,-1,0
2,4,-45,-1,0
2,4,45,-1,1
2,4,45,1,0
2,4,45,-1,1
2,4,-45,1,0
2,4,45,-1,1
2,4,45,1,1
2,4,45,1,1
2,4,-45,1,0
2,4,-45,-1,0
2,4,45,-1,0
2,4,45,-1,0
2,4,-45,-1,0
2,4,45,-1,1
2,4,45,1,1
2,4,-45,1,0
2,4,-45,-1,0
2,4,45,-1,1
2,4,-45,1,1
2,4,-45,1,0
2,4,45,-1,0
2,4,-45,-1,0
2,4,45,-1,0
2,4,-45,-1,0
2,4,45,-1,1
2,4,-45,1,0
2,4,-45,-1,1
2,4,45,1,0
2,4,-45,-1,0
2,4,45,-1,1
2,4,-45,1,1
2,4,-45,1,0
2,4,45,-1,0
2,4,-45,-1,0
2,4,45,-1,1
2,4,-45,1,0
2,4,-45,-1,0
2,4,-45,-1,0
2,4,-45,-1,0
2,4,45,-1,0
2,4,45,-1,0
2,4,45,-1,1
2,4,-45,1,0
2,4,-45,-1,0
2,4,45,-1,0
2,4,-45,-1,0
2,4,-45,-1,0
2,4,45,-1,0
2,4,-45,-1,0
2,4,-45,-1,0
2,4,45,-1,1
2,4,45,1,1
2,4,45,1,1
2,4,45,1,1
2,4,45,1,1
2,4,45,1,1
2,4,45,1,1
2,4,45,1,1
2,4,45,1,1
2,4,45,1,1
2,4,-45,1,0
2,4,-45,-1,0
2,4,45,-1,1
2,4,45,1,1
2,4,45,1,1
2,4,-45,1,0
2,4,45,-1,0
2,4,45,-1,1
2,4,45,1,0
2,4,-45,-1,0
2,4,45,-1,1
2,4,-45,1,1
2,4,-45,1,0
2,4,-45,-1,0
2,4,-45,-1,0
2,4,-45,-1,0
2,4,-45,-1,0
2,4,-45,-1,0
2,4,-45,-1,0
2,4,-45,-1,0
2,4,45,-1,0
2,4,45,-1,0
2,4,-45,-1,0
2,4,-45,-1,0
2,4,45,-1,1
2,4,45,1,1
2,4,45,1,1
2,4,45,1,1
2,4,-45,1,0
2,4,-45,-1,0
2,4,-45,-1,0
2,4,45,-1,1
2,4,-45,1,0
2,4,45,-1,0
2,4,45,-1,0
2,4,-45,-1,1
2,4,45,1,1
2,4,-45,1,0
2,4,45,-1,1
2,4,45,1,0
2,4,-45,-1,0
2,4,-45,-1,0
2,4,-45,-1,0
2,4,45,-1,1
2,4,-45,1,0
2,4,45,-1,1
2,4,-45,1,0
2,4,-45,-1,0
2,4,-45,-1,0
2,4,-45,-1,0
2,4,45,-1,1
2,4,-45,1,0
2,4,-45,-1,0
2,4,45,-1,0
2,4,-45,-1,0
2,4,45,-1,1
2,4,-45,1,1
2,4,45,1,0
2,4,-45,-1,1
2,4,-45,1,1
2,4,45,1,1
2,5,45,0,1
2,5,-45,1,0
2,5,-45,-1,0
2,5,-45,-1,0
2,5,-45,-1,0
2,5,-45,-1,0
2,5,45,-1,1
2,5,-45,1,0
2,5,-45,-1,1
2,5,-45,1,0
2,5,-45,-1,0
2,5,-45,-1,0
2,5,-45,-1,0
2,5,-45,-1,0
2,5,45,-1,0
2,5,-45,-1,0
2,5,45,-1,1
2,5,-45,1,0
2,5,-45,-1,0
2,5,45,-1,1
2,5,-45,1,0
2,5,45,-1,1
2,5,45,1,1
2,5,45,1,1
2,5,-45,1,0
2,5,45,-1,1
2,5,-45,1,0
2,5,-45,-1,0
2,5,45,-1,1
2,5,-45,1,0
2,5,45,-1,1
2,5,45,1,1
2,5,45,1,1
2,5,-45,1,0
2,5,45,-1,1
2,5,45,1,0
2,5,-45,-1,0
2,5,-45,-1,0
2,5,-45,-1,0
2,5,45,-1,1
2,5,45,1,1
2,5,45,1,1
2,5,45,1,1
2,5,45,1,1
2,5,-45,1,0
2,5,45,-1,1
2,5,-45,1,1
2,5,-45,1,0
2,5,45,-1,1
2,5,-45,1,0
2,5,-45,-1,0
2,5,-45,-1,0
2,5,-45,-1,0
2,5,-45,-1,0
2,5,-45,-1,0
2,5,45,-1,1
2,5,-45,1,0
2,5,-45,-1,0
2,5,45,-1,1
2,5,-45,1,0
2,5,-45,-1,0
2,5,45,-1,0
2,5,-45,-1,0
2,5,-45,-1,0
2,5,45,-1,1
2,5,-45,1,0
2,5,45,-1,0
2,5,45,-1,1
2,5,45,1,1
2,5,45,1,1
2,5,-45,1,0
2,5,45,-1,0
2,5,-45,-1,0
2,5,45,-1,1
2,5,-45,1,0
2,5,-45,-1,0
2,5,-45,-1,0
2,5,-45,-1,0
2,5,45,-1,1
2,5,45,1,1
2,5,-45,1,1
2,5,-45,1,0
2,5,45,-1,1
2,5,-45,1,0
2,5,-45,-1,0
2,5,45,-1,0
2,5,45,-1,1
2,5,-45,1,1
2,5,45,1,1
2,5,-45,1,0
2,5,-45,-1,0
2,5,45,-1,1
2,5,-45,1,0
2,5,45,-1,1
2,5,-45,1,0
2,5,-45,-1,1
2,5,-45,1,0
2,5,-45,-1,0
2,5,-45,-1,0
2,5,-45,-1,0
2,5,-45,-1,0
2,5,45,-1,1
2,5,-45,1,0
2,5,45,-1,1
2,5,45,1,0
2,5,45,-1,0
2,5,-45,-1,0
2,5,45,-1,1
2,5,45,1,0
2,5,45,-1,1
2,5,-45,1,1
2,5,-45,1,0
2,5,45,-1,0
2,5,-45,-1,0
2,5,45,-1,0
2,5,-45,-1,0
2,5,45,-1,0
2,5,45,-1,1
2,5,45,1,1
2,5,45,1,1
2,5,45,1,1
2,5,45,1,1
2,5,-45,1,1
2,5,45,1,1
2,5,45,1,1
2,5,45,1,0
2,5,45,-1,0
2,5,45,-1,0
2,5,45,-1,0
2,5,-45,-1,0
2,5,45,-1,1
2,5,45,1,0
2,5,-45,-1,0
2,5,-45,-1,0
2,5,45,-1,0
2,5,-45,-1,0
2,5,45,-1,1
2,5,45,1,1
2,5,45,1,1
2,5,-45,1,1
2,5,-45,1,0
2,5,45,-1,1
2,5,-45,1,0
2,5,45,-1,1
2,5,-45,1,0
2,5,45,-1,0
2,5,-45,-1,1
2,5,-45,1,0
2,5,45,-1,1
2,5,45,1,1
2,5,-45,1,0
2,5,45,-1,1
2,5,-45,1,0
2,6,-45,0,0
2,6,45,-1,1
2,6,45,1,1
2,6,-45,1,1
2,6,-45,1,0
2,6,-45,-1,0
2,6,45,-1,1
2,6,45,1,0
2,6,-45,-1,0
2,6,45,-1,1
2,6,45,1,1
2,6,45,1,1
2,6,45,1,1
2,6,45,1,1
2,6,-45,1,0
2,6,-45,-1,0
2,6,-45,-1,0
2,6,45,-1,1
2,6,-45,1,0
2,6,-45,-1,0
2,6,45,-1,0
2,6,-45,-1,1
2,6,-45,1,0
2,6,45,-1,1
2,6,45,1,1
2,6,-45,1,1
2,6,45,1,0
2,6,45,-1,1
2,6,45,1,1
2,6,-45,1,1
2,6,45,1,1
2,6,45,1,0
2,6,-45,-1,0
2,6,45,-1,1
2,6,45,1,1
2,6,45,1,1
2,6,-45,1,0
2,6,-45,-1,0
2,6,-45,-1,0
2,6,-45,-1,0
2,6,45,-1,1
2,6,45,1,1
2,6,45,1,1
2,6,-45,1,1
2,6,-45,1,0
2,6,45,-1,1
2,6,-45,1,1
2,6,-45,1,0
2,6,-45,-1,0
2,6,-45,-1,0
2,6,-45,-1,0
2,6,45,-1,1
2,6,-45,1,1
2,6,45,1,0
2,6,45,-1,0
2,6,-45,-1,1
2,6,45,1,1
2,6,-45,1,1
2,6,45,1,1
2,6,-45,1,1
2,6,-45,1,0
2,6,45,-1,0
2,6,45,-1,0
2,6,45,-1,0
2,6,45,-1,1
2,6,45,1,1
2,6,-45,1,0
2,6,-45,-1,1
2,6,-45,1,1
2,6,45,1,1
2,6,45,1,1
2,6,45,1,1
2,6,-45,1,0
2,6,-45,-1,0
2,6,-45,-1,0
2,6,45,-1,0
2,6,-45,-1,1
2,6,-45,1,0
2,6,45,-1,1
2,6,-45,1,0
2,6,-45,-1,0
2,6,45,-1,0
2,6,-45,-1,0
2,6,45,-1,1
2,6,45,1,1
2,6,45,1,1
2,6,-45,1,0
2,6,45,-1,0
2,6,45,-1,1
2,6,45,1,1
2,6,-45,1,0
2,6,-45,-1,0
2,6,45,-1,0
2,6,45,-1,0
2,6,45,-1,0
2,6,-45,-1,0
2,6,-45,-1,1
2,6,-45,1,0
2,6,45,-1,0
2,6,-45,-1,0
2,6,45,-1,1
2,6,45,1,1
2,6,45,1,1
2,6,-45,1,1
2,6,-45,1,0
2,6,-45,-1,0
2,6,45,-1,1
2,6,-45,1,0
2,6,45,-1,0
2,6,45,-1,0
2,6,-45,-1,1
2,6,-45,1,0
2,6,-45,-1,1
2,6,45,1,0
2,6,45,-1,1
2,6,-45,1,0
2,6,-45,-1,0
2,6,45,-1,1
2,6,-45,1,0
2,6,45,-1,1
2,6,-45,1,0
2,6,-45,-1,0
2,6,45,-1,0
2,6,45,-1,0
2,6,-45,-1,0
2,6,45,-1,1
2,6,-45,1,1
2,6,-45,1,0
2,6,-45,-1,1
2,6,45,1,0
2,6,-45,-1,0
2,6,-45,-1,1
2,6,-45,1,1
2,6,-45,1,0
2,6,-45,-1,0
2,6,45,-1,0
2,6,-45,-1,0
2,6,45,-1,1
2,6,-45,1,1
2,6,45,1,1
2,6,45,1,1
2,6,-45,1,0
2,6,-45,-1,0
2,6,45,-1,0
2,6,-45,-1,1
2,6,45,1,0
2,6,-45,-1,0
2,6,-45,-1,0
2,6,-45,-1,0
2,6,45,-1,1
2,6,-45,1,0
2,6,-45,-1,0
2,6,45,-1,1
2,7,-45,0,0
2,7,45,-1,1
2,7,-45,1,0
2,7,45,-1,0
2,7,-45,-1,0
2,7,-45,-1,0
2,7,-45,-1,0
2,7,-45,-1,0
2,7,-45,-1,1
2,7,45,1,1
2,7,-45,1,1
2,7,-45,1,0
2,7,-45,-1,0
2,7,-45,-1,0
2,7,-45,-1,0
2,7,-45,-1,0
2,7,-45,-1,0
2,7,-45,-1,0
2,7,45,-1,0
2,7,-45,-1,0
2,7,45,-1,1
2,7,45,1,1
2,7,45,1,1
2,7,-45,1,0
2,7,-45,-1,0
2,7,-45,-1,1
2,7,-45,1,0
2,7,45,-1,1
2,7,-45,1,0
2,7,-45,-1,0
2,7,-45,-1,0
2,7,45,-1,1
2,7,45,1,0
2,7,45,-1,0
2,7,45,-1,1
2,7,-45,1,0
2,7,-45,-1,0
2,7,45,-1,1
2,7,-45,1,0
2,7,45,-1,1
2,7,45,1,0
2,7,-45,-1,0
2,7,-45,-1,0
2,7,-45,-1,1
2,7,-45,1,0
2,7,45,-1,1
2,7,45,1,1
2,7,-45,1,0
2,7,-45,-1,0
2,7,45,-1,1
2,7,45,1,1
2,7,45,1,1
2,7,-45,1,0
2,7,45,-1,1
2,7,45,1,1
2,7,-45,1,0
2,7,45,-1,0
2,7,-45,-1,0
2,7,45,-1,1
2,7,-45,1,0
2,7,-45,-1,0
2,7,-45,-1,0
2,7,45,-1,0
2,7,45,-1,0
2,7,-45,-1,0
2,7,-45,-1,0
2,7,45,-1,1
2,7,-45,1,0
2,7,-45,-1,0
2,7,45,-1,1
2,7,-45,1,0
2,7,45,-1,1
2,7,-45,1,0
2,7,-45,-1,1
2,7,45,1,1
2,7,-45,1,0
2,7,45,-1,1
2,7,45,1,1
2,7,-45,1,0
2,7,-45,-1,0
2,7,-45,-1,0
2,7,-45,-1,0
2,7,45,-1,1
2,7,45,1,0
2,7,-45,-1,0
2,7,-45,-1,0
2,7,-45,-1,0
2,7,-45,-1,0
2,7,-45,-1,1
2,7,45,1,0
2,7,-45,-1,0
2,7,-45,-1,0
2,7,45,-1,0
2,7,45,-1,1
2,7,-45,1,0
2,7,45,-1,1
2,7,-45,1,0
2,7,-45,-1,0
2,7,45,-1,1
2,7,-45,1,0
2,7,-45,-1,1
2,7,-45,1,1
2,7,45,1,1
2,7,-45,1,0
2,7,45,-1,1
2,7,-45,1,0
2,7,-45,-1,1
2,7,45,1,0
2,7,45,-1,1
2,7,-45,1,0
2,7,-45,-1,1
2,7,45,1,1
2,7,45,1,0
2,7,45,-1,1
2,7,-45,1,1
2,7,-45,1,1
2,7,-45,1,0
2,7,45,-1,0
2,7,-45,-1,0
2,7,-45,-1,0
2,7,-45,-1,0
2,7,45,-1,0
2,7,-45,-1,0
2,7,-45,-1,0
2,7,45,-1,1
2,7,-45,1,0
2,7,45,-1,1
2,7,-45,1,1
2,7,45,1,1
2,7,-45,1,0
2,7,45,-1,0
2,7,-45,-1,0
2,7,45,-1,1
2,7,45,1,1
2,7,45,1,1
2,7,45,1,1
2,7,-45,1,1
2,7,-45,1,0
2,7,45,-1,1
2,7,-45,1,1
2,7,45,1,1
2,7,-45,1,0
2,7,45,-1,1
2,7,-45,1,0
2,7,-45,-1,0
2,7,45,-1,0
2,7,45,-1,1
2,7,-45,1,0
2,7,-45,-1,0
2,7,-45,-1,0
2,7,-45,-1,0
2,7,-45,-1,0
2,7,45,-1,1
2,8,-45,0,0
2,8,45,-1,0
2,8,45,-1,1
2,8,45,1,0
2,8,-45,-1,0
2,8,-45,-1,0
2,8,45,-1,1
2,8,-45,1,1
2,8,45,1,1
2,8,45,1,1
2,8,45,1,1
2,8,45,1,1
2,8,45,1,0
2,8,-45,-1,0
2,8,45,-1,1
2,8,45,1,1
2,8,-45,1,1
2,8,45,1,1
2,8,45,1,1
2,8,45,1,1
2,8,-45,1,1
2,8,45,1,1
2,8,-45,1,0
2,8,45,-1,1
2,8,-45,1,1
2,8,-45,1,1
2,8,-45,1,1
2,8,45,1,1
2,8,-45,1,1
2,8,45,1,1
2,8,45,1,1
2,8,-45,1,0
2,8,45,-1,1
2,8,45,1,0
2,8,-45,-1,0
2,8,-45,-1,0
2,8,-45,-1,0
2,8,45,-1,0
2,8,-45,-1,0
2,8,45,-1,1
2,8,-45,1,0
2,8,45,-1,1
2,8,45,1,1
2,8,-45,1,1
2,8,-45,1,0
2,8,45,-1,0
2,8,-45,-1,0
2,8,45,-1,1
2,8,45,1,1
2,8,-45,1,1
2,8,45,1,1
2,8,45,1,1
2,8,-45,1,1
2,8,-45,1,0
2,8,45,-1,1
2,8,45,1,1
2,8,45,1,0
2,8,-45,-1,1
2,8,45,1,0
2,8,45,-1,1
2,8,45,1,1
2,8,-45,1,0
2,8,45,-1,1
2,8,-45,1,0
2,8,45,-1,1
2,8,-45,1,0
2,8,45,-1,1
2,8,-45,1,1
2,8,45,1,1
2,8,-45,1,1
2,8,45,1,1
2,8,45,1,1
2,8,45,1,1
2,8,45,1,1
2,8,45,1,0
2,8,45,-1,1
2,8,45,1,1
2,8,45,1,1
2,8,-45,1,0
2,8,-45,-1,0
2,8,-45,-1,0
2,8,45,-1,0
2,8,-45,-1,0
2,8,45,-1,1
2,8,-45,1,0
2,8,-45,-1,1
2,8,45,1,0
2,8,45,-1,0
2,8,45,-1,0
2,8,-45,-1,1
2,8,45,1,1
2,8,45,1,1
2,8,45,1,0
2,8,45,-1,0
2,8,-45,-1,0
2,8,-45,-1,0
2,8,-45,-1,0
2,8,-45,-1,1
2,8,-45,1,0
2,8,45,-1,0
2,8,-45,-1,0
2,8,45,-1,0
2,8,-45,-1,0
2,8,-45,-1,0
2,8,45,-1,0
2,8,45,-1,1
2,8,-45,1,0
2,8,-45,-1,0
2,8,45,-1,0
2,8,45,-1,0
2,8,-45,-1,0
2,8,-45,-1,0
2,8,-45,-1,0
2,8,-45,-1,0
2,8,45,-1,1
2,8,-45,1,0
2,8,-45,-1,0
2,8,45,-1,0
2,8,-45,-1,0
2,8,45,-1,0
2,8,45,-1,1
2,8,-45,1,1
2,8,-45,1,1
2,8,-45,1,0
2,8,45,-1,0
2,8,-45,-1,1
2,8,-45,1,0
2,8,45,-1,1
2,8,45,1,1
2,8,45,1,1
2,8,-45,1,1
2,8,-45,1,0
2,8,45,-1,0
2,8,-45,-1,0
2,8,-45,-1,0
2,8,-45,-1,0
2,8,-45,-1,0
2,8,45,-1,1
2,8,45,1,1
2,8,45,1,1
2,8,-45,1,1
2,8,-45,1,0
2,8,-45,-1,0
2,8,45,-1,1
2,8,45,1,1
2,8,45,1,1
2,8,-45,1,1
2,8,-45,1,0
2,8,45,-1,0
2,8,-45,-1,1
2,8,-45,1,0
2,8,45,-1,0
2,8,45,-1,1
2,9,-45,0,0
2,9,45,-1,0
2,9,45,-1,1
2,9,-45,1,0
2,9,45,-1,1
2,9,-45,1,0
2,9,-45,-1,0
2,9,-45,-1,0
2,9,-45,-1,0
2,9,-45,-1,0
2,9,45,-1,0
2,9,45,-1,1
2,9,-45,1,0
2,9,-45,-1,0
2,9,-45,-1,0
2,9,-45,-1,0
2,9,45,-1,1
2,9,-45,1,0
2,9,-45,-1,0
2,9,-45,-1,0
2,9,-45,-1,0
2,9,-45,-1,0
2,9,-45,-1,0
2,9,45,-1,1
2,9,-45,1,0
2,9,45,-1,1
2,9,45,1,0
2,9,-45,-1,0
2,9,-45,-1,0
2,9,-45,-1,0
2,9,45,-1,1
2,9,-45,1,0
2,9,45,-1,1
2,9,45,1,1
2,9,-45,1,0
2,9,-45,-1,0
2,9,45,-1,1
2,9,-45,1,1
2,9,45,1,1
2,9,-45,1,0
2,9,45,-1,0
2,9,-45,-1,0
2,9,45,-1,1
2,9,45,1,1
2,9,-45,1,1
2,9,45,1,1
2,9,-45,1,1
2,9,45,1,1
2,9,45,1,1
2,9,-45,1,0
2,9,45,-1,1
2,9,-45,1,1
2,9,-45,1,1
2,9,45,1,1
2,9,-45,1,1
2,9,45,1,1
2,9,-45,1,0
2,9,-45,-1,0
2,9,-45,-1,1
2,9,-45,1,1
2,9,-45,1,0
2,9,-45,-1,0
2,9,-45,-1,1
2,9,45,1,1
2,9,-45,1,1
2,9,-45,1,0
2,9,45,-1,1
2,9,-45,1,1
2,9,-45,1,0
2,9,-45,-1,0
2,9,-45,-1,0
2,9,45,-1,1
2,9,45,1,1
2,9,45,1,1
2,9,45,1,0
2,9,45,-1,1
2,9,45,1,1
2,9,-45,1,1
2,9,-45,1,0
2,9,45,-1,1
2,9,-45,1,0
2,9,45,-1,1
2,9,-45,1,0
2,9,45,-1,1
2,9,-45,1,0
2,9,45,-1,0
2,9,-45,-1,0
2,9,45,-1,1
2,9,45,1,0
2,9,-45,-1,0
2,9,-45,-1,0
2,9,-45,-1,0
2,9,-45,-1,0
2,9,-45,-1,1
2,9,-45,1,0
2,9,-45,-1,0
2,9,45,-1,1
2,9,45,1,1
2,9,45,1,1
2,9,45,1,1
2,9,45,1,0
2,9,-45,-1,0
2,9,45,-1,0
2,9,-45,-1,0
2,9,45,-1,0
2,9,-45,-1,0
2,9,45,-1,1
2,9,45,1,1
2,9,-45,1,0
2,9,45,-1,1
2,9,45,1,0
2,9,-45,-1,0
2,9,-45,-1,0
2,9,-45,-1,0
2,9,45,-1,1
2,9,-45,1,0
2,9,-45,-1,0
2,9,-45,-1,0
2,9,45,-1,0
2,9,-45,-1,0
2,9,45,-1,1
2,9,-45,1,1
2,9,45,1,1
2,9,45,1,1
2,9,-45,1,0
2,9,45,-1,0
2,9,-45,-1,0
2,9,45,-1,1
2,9,45,1,1
2,9,45,1,1
2,9,45,1,1
2,9,45,1,1
2,9,45,1,1
2,9,45,1,1
2,9,-45,1,1
2,9,45,1,0
2,9,45,-1,1
2,9,45,1,1
2,9,45,1,1
2,9,-45,1,0
2,9,-45,-1,0
2,9,-45,-1,0
2,9,-45,-1,0
2,9,45,-1,1
2,9,45,1,1
2,9,-45,1,0
2,9,-45,-1,0
2,9,45,-1,0
2,9,45,-1,0
2,9,45,-1,1
2,9,-45,1,0
2,9,-45,-1,0
2,9,45,-1,1
2,10,45,0,1
2,10,-45,1,0
2,10,-45,-1,0
2,10,-45,-1,0
2,10,-45,-1,0
2,10,-45,-1,0
2,10,-45,-1,0
2,10,45,-1,1
2,10,45,1,0
2,10,-45,-1,0
2,10,45,-1,0
2,10,-45,-1,1
2,10,45,1,1
2,10,-45,1,0
2,10,-45,-1,0
2,10,-45,-1,0
2,10,-45,-1,0
2,10,-45,-1,0
2,10,-45,-1,1
2,10,45,1,1
2,10,-45,1,0
2,10,45,-1,0
2,10,45,-1,0
2,10,-45,-1,0
2,10,45,-1,0
2,10,-45,-1,1
2,10,45,1,0
2,10,45,-1,1
2,10,-45,1,1
2,10,-45,1,0
2,10,45,-1,0
2,10,45,-1,1
2,10,-45,1,1
2,10,45,1,0
2,10,45,-1,0
2,10,-45,-1,0
2,10,45,-1,0
2,10,45,-1,1
2,10,-45,1,1
2,10,-45,1,0
2,10,-45,-1,1
2,10,-45,1,0
2,10,-45,-1,1
2,10,-45,1,0
2,10,-45,-1,0
2,10,-45,-1,0
2,10,45,-1,1
2,10,45,1,1
2,10,-45,1,0
2,10,45,-1,1
2,10,45,1,0
2,10,-45,-1,0
2,10,45,-1,0
2,10,45,-1,1
2,10,-45,1,0
2,10,-45,-1,0
2,10,-45,-1,0
2,10,45,-1,1
2,10,-45,1,0
2,10,-45,-1,0
2,10,45,-1,1
2,10,45,1,1
2,10,-45,1,1
2,10,-45,1,0
2,10,45,-1,1
2,10,45,1,1
2,10,-45,1,1
2,10,45,1,0
2,10,-45,-1,0
2,10,45,-1,1
2,10,-45,1,1
2,10,-45,1,0
2,10,-45,-1,0
2,10,-45,-1,1
2,10,45,1,1
2,10,-45,1,0
2,10,45,-1,1
2,10,45,1,1
2,10,-45,1,1
2,10,-45,1,0
2,10,-45,-1,0
2,10,45,-1,0
2,10,45,-1,1
2,10,-45,1,1
2,10,-45,1,0
2,10,45,-1,0
2,10,45,-1,1
2,10,45,1,0
2,10,45,-1,1
2,10,45,1,1
2,10,-45,1,0
2,10,-45,-1,0
2,10,-45,-1,1
2,10,45,1,0
2,10,45,-1,0
2,10,45,-1,1
2,10,45,1,1
2,10,45,1,1
2,10,-45,1,0
2,10,45,-1,1
2,10,45,1,1
2,10,-45,1,0
2,10,-45,-1,1
2,10,45,1,1
2,10,45,1,0
2,10,45,-1,1
2,10,-45,1,1
2,10,-45,1,0
2,10,-45,-1,0
2,10,45,-1,1
2,10,45,1,1
2,10,-45,1,1
2,10,45,1,0
2,10,-45,-1,0
2,10,45,-1,1
2,10,45,1,1
2,10,45,1,1
2,10,45,1,1
2,10,45,1,1
2,10,45,1,1
2,10,45,1,1
2,10,-45,1,0
2,10,45,-1,0
2,10,45,-1,1
2,10,-45,1,0
2,10,45,-1,1
2,10,-45,1,0
2,10,45,-1,1
2,10,45,1,0
2,10,45,-1,1
2,10,45,1,1
2,10,-45,1,1
2,10,45,1,0
2,10,45,-1,1
2,10,45,1,1
2,10,45,1,1
2,10,-45,1,0
2,10,-45,-1,1
2,10,45,1,1
2,10,-45,1,0
2,10,45,-1,1
2,10,-45,1,1
2,10,-45,1,0
2,10,45,-1,1
2,10,-45,1,0
2,10,-45,-1,0
2,10,45,-1,1
2,10,-45,1,0
2,10,-45,-1,0
2,10,-45,-1,0
2,10,-45,-1,0
2,10,45,-1,0
2,10,45,-1,1
3,1,-45,0,0
3,1,-45,-1,0
3,1,45,-1,1
3,1,-45,1,0
3,1,45,-1,1
3,1,45,1,1
3,1,45,1,1
3,1,45,1,1
3,1,45,1,1
3,1,45,1,0
3,1,-45,-1,1
3,1,-45,1,0
3,1,45,-1,1
3,1,45,1,1
3,1,-45,1,0
3,1,45,-1,1
3,1,-45,1,1
3,1,45,1,0
3,1,-45,-1,0
3,1,-45,-1,0
3,1,45,-1,1
3,1,45,1,1
3,1,45,1,0
3,1,45,-1,1
3,1,45,1,0
3,1,-45,-1,0
3,1,45,-1,1
3,1,-45,1,0
3,1,45,-1,1
3,1,45,1,0
3,1,45,-1,1
3,1,-45,1,0
3,1,-45,-1,1
3,1,45,1,1
3,1,45,1,1
3,1,45,1,0
3,1,-45,-1,0
3,1,45,-1,1
3,1,45,1,0
3,1,45,-1,0
3,1,45,-1,0
3,1,-45,-1,0
3,1,45,-1,0
3,1,45,-1,1
3,1,45,1,1
3,1,-45,1,1
3,1,45,1,1
3,1,45,1,1
3,1,-45,1,0
3,1,45,-1,0
3,1,45,-1,1
3,1,45,1,1
3,1,-45,1,1
3,1,-45,1,0
3,1,-45,-1,0
3,1,45,-1,1
3,1,-45,1,1
3,1,45,1,1
3,1,45,1,1
3,1,-45,1,0
3,1,45,-1,1
3,1,-45,1,0
3,1,45,-1,0
3,1,45,-1,1
3,1,-45,1,0
3,1,-45,-1,0
3,1,-45,-1,1
3,1,-45,1,1
3,1,-45,1,0
3,1,-45,-1,0
3,1,-45,-1,0
3,1,45,-1,0
3,1,45,-1,0
3,1,45,-1,0
3,1,-45,-1,0
3,1,45,-1,0
3,1,45,-1,1
3,1,45,1,1
3,1,45,1,1
3,1,-45,1,0
3,1,45,-1,0
3,1,45,-1,0
3,1,-45,-1,0
3,1,-45,-1,1
3,1,45,1,1
3,1,-45,1,0
3,1,45,-1,1
3,1,45,1,1
3,1,-45,1,0
3,1,45,-1,0
3,1,-45,-1,0
3,1,45,-1,1
3,1,-45,1,0
3,1,45,-1,1
3,1,45,1,0
3,1,-45,-1,1
3,1,45,1,0
3,1,-45,-1,0
3,1,-45,-1,1
3,1,-45,1,1
3,1,-45,1,1
3,1,-45,1,0
3,1,45,-1,1
3,1,45,1,1
3,1,-45,1,0
3,1,45,-1,1
3,1,-45,1,1
3,1,-45,1,0
3,1,45,-1,1
3,1,-45,1,1
3,1,-45,1,0
3,1,-45,-1,0
3,1,-45,-1,1
3,1,-45,1,1
3,1,45,1,1
3,1,-45,1,0
3,1,-45,-1,1
3,1,-45,1,1
3,1,45,1,1
3,1,45,1,1
3,1,45,1,1
3,1,45,1,0
3,1,-45,-1,0
3,1,-45,-1,0
3,1,-45,-1,1
3,1,-45,1,0
3,1,45,-1,1
3,1,-45,1,0
3,1,-45,-1,0
3,1,-45,-1,0
3,1,-45,-1,0
3,1,-45,-1,0
3,1,45,-1,1
3,1,45,1,0
3,1,-45,-1,0
3,1,45,-1,1
3,1,-45,1,0
3,1,45,-1,0
3,1,45,-1,1
3,1,45,1,0
3,1,45,-1,0
3,1,45,-1,1
3,1,-45,1,0
3,1,-45,-1,1
3,1,-45,1,0
3,1,-45,-1,0
3,1,-45,-1,0
3,1,45,-1,1
3,1,45,1,1
3,1,45,1,1
3,1,-45,1,0
3,1,45,-1,1
3,1,45,1,0
3,2,-45,0,0
3,2,45,-1,1
3,2,-45,1,1
3,2,-45,1,1
3,2,-45,1,0
3,2,45,-1,1
3,2,45,1,1
3,2,45,1,1
3,2,-45,1,1
3,2,-45,1,0
3,2,45,-1,1
3,2,-45,1,1
3,2,-45,1,0
3,2,45,-1,1
3,2,-45,1,0
3,2,45,-1,1
3,2,45,1,1
3,2,45,1,1
3,2,45,1,1
3,2,45,1,1
3,2,-45,1,0
3,2,45,-1,1
3,2,-45,1,0
3,2,45,-1,1
3,2,-45,1,1
3,2,-45,1,0
3,2,-45,-1,1
3,2,-45,1,1
3,2,45,1,1
3,2,45,1,1
3,2,-45,1,0
3,2,45,-1,0
3,2,-45,-1,0
3,2,-45,-1,0
3,2,-45,-1,0
3,2,-45,-1,1
3,2,-45,1,1
3,2,-45,1,0
3,2,45,-1,0
3,2,45,-1,0
3,2,45,-1,1
3,2,45,1,1
3,2,45,1,1
3,2,-45,1,1
3,2,45,1,1
3,2,45,1,1
3,2,45,1,0
3,2,-45,-1,0
3,2,-45,-1,0
3,2,-45,-1,0
3,2,45,-1,1
3,2,45,1,1
3,2,45,1,0
3,2,-45,-1,0
3,2,45,-1,1
3,2,45,1,1
3,2,-45,1,0
3,2,45,-1,1
3,2,45,1,1
3,2,-45,1,0
3,2,-45,-1,0
3,2,-45,-1,0
3,2,-45,-1,1
3,2,-45,1,0
3,2,45,-1,1
3,2,-45,1,0
3,2,-45,-1,1
3,2,45,1,1
3,2,-45,1,0
3,2,45,-1,1
3,2,45,1,1
3,2,45,1,1
3,2,-45,1,1
3,2,-45,1,0
3,2,45,-1,0
3,2,-45,-1,0
3,2,-45,-1,1
3,2,45,1,1
3,2,45,1,1
3,2,-45,1,1
3,2,45,1,1
3,2,45,1,1
3,2,-45,1,0
3,2,45,-1,1
3,2,45,1,1
3,2,-45,1,0
3,2,45,-1,1
3,2,-45,1,1
3,2,-45,1,0
3,2,-45,-1,0
3,2,-45,-1,1
3,2,45,1,1
3,2,45,1,1
3,2,-45,1,1
3,2,-45,1,0
3,2,-45,-1,1
3,2,-45,1,0
3,2,45,-1,1
3,2,-45,1,0
3,2,45,-1,0
3,2,-45,-1,0
3,2,-45,-1,0
3,2,45,-1,1
3,2,-45,1,0
3,2,-45,-1,0
3,2,45,-1,0
3,2,45,-1,1
3,2,45,1,0
3,2,45,-1,1
3,2,-45,1,0
3,2,45,-1,1
3,2,45,1,0
3,2,-45,-1,0
3,2,45,-1,1
3,2,45,1,0
3,2,45,-1,1
3,2,-45,1,0
3,2,45,-1,1
3,2,45,1,1
3,2,45,1,1
3,2,45,1,1
3,2,45,1,1
3,2,-45,1,0
3,2,-45,-1,0
3,2,45,-1,1
3,2,-45,1,0
3,2,-45,-1,1
3,2,45,1,1
3,2,-45,1,1
3,2,45,1,1
3,2,-45,1,0
3,2,45,-1,1
3,2,45,1,1
3,2,-45,1,0
3,2,45,-1,1
3,2,45,1,1
3,2,45,1,1
3,2,45,1,0
3,2,-45,-1,0
3,2,-45,-1,0
3,2,45,-1,1
3,2,-45,1,1
3,2,45,1,0
3,2,45,-1,1
3,2,-45,1,0
3,2,-45,-1,1
3,2,45,1,1
3,2,45,1,1
3,2,-45,1,0
3,2,45,-1,1
3,2,-45,1,1
3,2,-45,1,1
3,2,-45,1,0
3,3,-45,0,0
3,3,45,-1,1
3,3,45,1,1
3,3,-45,1,0
3,3,45,-1,1
3,3,-45,1,0
3,3,-45,-1,0
3,3,45,-1,0
3,3,-45,-1,0
3,3,45,-1,1
3,3,45,1,0
3,3,-45,-1,1
3,3,45,1,0
3,3,-45,-1,1
3,3,45,1,1
3,3,-45,1,1
3,3,-45,1,0
3,3,-45,-1,0
3,3,-45,-1,0
3,3,45,-1,0
3,3,45,-1,0
3,3,45,-1,1
3,3,45,1,1
3,3,45,1,1
3,3,45,1,1
3,3,-45,1,1
3,3,-45,1,1
3,3,45,1,1
3,3,45,1,1
3,3,45,1,1
3,3,45,1,1
3,3,-45,1,0
3,3,45,-1,0
3,3,45,-1,1
3,3,-45,1,1
3,3,-45,1,1
3,3,45,1,1
3,3,-45,1,0
3,3,45,-1,1
3,3,-45,1,0
3,3,-45,-1,0
3,3,-45,-1,1
3,3,45,1,0
3,3,45,-1,1
3,3,45,1,0
3,3,-45,-1,1
3,3,-45,1,0
3,3,45,-1,1
3,3,-45,1,0
3,3,-45,-1,0
3,3,-45,-1,0
3,3,45,-1,1
3,3,45,1,0
3,3,45,-1,1
3,3,45,1,1
3,3,45,1,1
3,3,-45,1,0
3,3,-45,-1,0
3,3,45,-1,1
3,3,45,1,1
3,3,-45,1,0
3,3,45,-1,1
3,3,45,1,1
3,3,-45,1,1
3,3,-45,1,1
3,3,45,1,1
3,3,45,1,1
3,3,45,1,1
3,3,45,1,1
3,3,45,1,1
3,3,45,1,1
3,3,45,1,1
3,3,45,1,1
3,3,45,1,1
3,3,45,1,1
3,3,-45,1,1
3,3,45,1,1
3,3,45,1,1
3,3,45,1,1
3,3,45,1,0
3,3,-45,-1,0
3,3,45,-1,1
3,3,45,1,1
3,3,45,1,1
3,3,45,1,0
3,3,-45,-1,0
3,3,-45,-1,1
3,3,-45,1,0
3,3,45,-1,1
3,3,45,1,1
3,3,-45,1,0
3,3,-45,-1,0
3,3,-45,-1,0
3,3,-45,-1,0
3,3,-45,-1,1
3,3,-45,1,0
3,3,45,-1,1
3,3,45,1,1
3,3,45,1,1
3,3,45,1,1
3,3,45,1,0
3,3,-45,-1,0
3,3,-45,-1,0
3,3,-45,-1,0
3,3,45,-1,0
3,3,45,-1,1
3,3,45,1,1
3,3,-45,1,0
3,3,-45,-1,0
3,3,-45,-1,0
3,3,-45,-1,0
3,3,-45,-1,0
3,3,-45,-1,0
3,3,45,-1,0
3,3,-45,-1,0
3,3,45,-1,0
3,3,45,-1,0
3,3,-45,-1,0
3,3,45,-1,0
3,3,45,-1,0
3,3,45,-1,1
3,3,-45,1,1
3,3,-45,1,0
3,3,-45,-1,0
3,3,-45,-1,0
3,3,-45,-1,0
3,3,-45,-1,1
3,3,-45,1,0
3,3,-45,-1,0
3,3,-45,-1,1
3,3,45,1,1
3,3,45,1,1
3,3,45,1,1
3,3,45,1,1
3,3,-45,1,0
3,3,-45,-1,1
3,3,45,1,1
3,3,45,1,1
3,3,-45,1,0
3,3,45,-1,1
3,3,45,1,1
3,3,45,1,0
3,3,-45,-1,0
3,3,-45,-1,0
3,3,-45,-1,0
3,3,-45,-1,1
3,3,-45,1,0
3,3,-45,-1,0
3,3,45,-1,1
3,3,45,1,1
3,3,45,1,1
3,3,45,1,0
3,3,45,-1,1
3,4,45,0,1
3,4,-45,1,0
3,4,45,-1,1
3,4,45,1,1
3,4,45,1,1
3,4,-45,1,1
3,4,-45,1,1
3,4,-45,1,1
3,4,45,1,1
3,4,45,1,1
3,4,-45,1,0
3,4,-45,-1,1
3,4,-45,1,1
3,4,45,1,1
3,4,-45,1,0
3,4,-45,-1,0
3,4,-45,-1,1
3,4,-45,1,0
3,4,-45,-1,0
3,4,45,-1,0
3,4,-45,-1,0
3,4,45,-1,0
3,4,-45,-1,0
3,4,45,-1,0
3,4,45,-1,1
3,4,-45,1,0
3,4,-45,-1,0
3,4,-45,-1,0
3,4,45,-1,0
3,4,-45,-1,0
3,4,45,-1,0
3,4,45,-1,1
3,4,-45,1,0
3,4,-45,-1,1
3,4,45,1,1
3,4,-45,1,1
3,4,-45,1,1
3,4,45,1,1
3,4,45,1,1
3,4,-45,1,1
3,4,-45,1,0
3,4,-45,-1,0
3,4,45,-1,1
3,4,-45,1,0
3,4,-45,-1,1
3,4,-45,1,1
3,4,-45,1,0
3,4,-45,-1,1
3,4,45,1,0
3,4,45,-1,1
3,4,45,1,0
3,4,45,-1,1
3,4,-45,1,0
3,4,45,-1,1
3,4,-45,1,1
3,4,-45,1,0
3,4,45,-1,0
3,4,-45,-1,0
3,4,45,-1,1
3,4,-45,1,0
3,4,45,-1,1
3,4,45,1,1
3,4,-45,1,0
3,4,45,-1,1
3,4,45,1,1
3,4,-45,1,1
3,4,-45,1,1
3,4,-45,1,1
3,4,45,1,1
3,4,45,1,1
3,4,45,1,1
3,4,45,1,1
3,4,-45,1,0
3,4,45,-1,1
3,4,-45,1,0
3,4,-45,-1,0
3,4,-45,-1,0
3,4,45,-1,0
3,4,-45,-1,1
3,4,-45,1,0
3,4,-45,-1,1
3,4,45,1,1
3,4,-45,1,0
3,4,-45,-1,0
3,4,45,-1,1
3,4,45,1,1
3,4,45,1,1
3,4,-45,1,0
3,4,45,-1,0
3,4,45,-1,1
3,4,45,1,1
3,4,45,1,1
3,4,-45,1,1
3,4,-45,1,1
3,4,45,1,1
3,4,-45,1,0
3,4,45,-1,1
3,4,-45,1,1
3,4,45,1,1
3,4,45,1,0
3,4,-45,-1,0
3,4,-45,-1,0
3,4,45,-1,1
3,4,45,1,0
3,4,-45,-1,0
3,4,-45,-1,0
3,4,45,-1,0
3,4,45,-1,1
3,4,-45,1,0
3,4,45,-1,1
3,4,45,1,1
3,4,-45,1,0
3,4,-45,-1,1
3,4,45,1,1
3,4,-45,1,0
3,4,-45,-1,0
3,4,-45,-1,0
3,4,45,-1,0
3,4,45,-1,1
3,4,-45,1,0
3,4,45,-1,1
3,4,45,1,0
3,4,45,-1,0
3,4,45,-1,1
3,4,45,1,1
3,4,45,1,1
3,4,-45,1,0
3,4,-45,-1,0
3,4,-45,-1,0
3,4,45,-1,1
3,4,-45,1,1
3,4,45,1,1
3,4,45,1,1
3,4,-45,1,1
3,4,-45,1,1
3,4,-45,1,0
3,4,45,-1,0
3,4,-45,-1,0
3,4,45,-1,1
3,4,45,1,1
3,4,45,1,1
3,4,-45,1,0
3,4,-45,-1,1
3,4,45,1,1
3,4,-45,1,1
3,4,45,1,1
3,4,-45,1,0
3,4,45,-1,1
3,4,45,1,0
3,4,45,-1,1
3,4,45,1,1
3,4,-45,1,0
3,4,45,-1,1
3,5,-45,0,1
3,5,-45,1,1
3,5,-45,1,0
3,5,45,-1,1
3,5,45,1,1
3,5,45,1,1
3,5,45,1,1
3,5,-45,1,0
3,5,-45,-1,0
3,5,45,-1,1
3,5,45,1,0
3,5,45,-1,1
3,5,45,1,1
3,5,-45,1,0
3,5,-45,-1,1
3,5,45,1,1
3,5,-45,1,1
3,5,-45,1,0
3,5,-45,-1,0
3,5,45,-1,1
3,5,-45,1,0
3,5,45,-1,1
3,5,-45,1,0
3,5,45,-1,1
3,5,45,1,1
3,5,45,1,1
3,5,45,1,1
3,5,-45,1,0
3,5,45,-1,1
3,5,-45,1,0
3,5,-45,-1,0
3,5,-45,-1,0
3,5,45,-1,1
3,5,45,1,1
3,5,45,1,1
3,5,45,1,1
3,5,-45,1,1
3,5,-45,1,0
3,5,45,-1,1
3,5,45,1,0
3,5,45,-1,1
3,5,45,1,1
3,5,-45,1,0
3,5,-45,-1,0
3,5,45,-1,1
3,5,-45,1,0
3,5,-45,-1,0
3,5,-45,-1,0
3,5,45,-1,1
3,5,-45,1,0
3,5,45,-1,1
3,5,-45,1,0
3,5,45,-1,0
3,5,-45,-1,0
3,5,45,-1,1
3,5,-45,1,0
3,5,-45,-1,0
3,5,-45,-1,0
3,5,-45,-1,0
3,5,45,-1,0
3,5,-45,-1,0
3,5,-45,-1,0
3,5,-45,-1,0
3,5,45,-1,1
3,5,45,1,1
3,5,-45,1,1
3,5,45,1,1
3,5,45,1,1
3,5,45,1,1
3,5,-45,1,1
3,5,45,1,1
3,5,45,1,1
3,5,-45,1,0
3,5,-45,-1,0
3,5,45,-1,1
3,5,-45,1,0
3,5,-45,-1,0
3,5,45,-1,1
3,5,-45,1,0
3,5,45,-1,1
3,5,-45,1,0
3,5,45,-1,1
3,5,45,1,1
3,5,-45,1,0
3,5,45,-1,1
3,5,45,1,1
3,5,-45,1,0
3,5,45,-1,1
3,5,45,1,0
3,5,45,-1,1
3,5,-45,1,0
3,5,45,-1,1
3,5,-45,1,0
3,5,45,-1,1
3,5,-45,1,1
3,5,-45,1,0
3,5,45,-1,0
3,5,-45,-1,0
3,5,-45,-1,0
3,5,45,-1,0
3,5,-45,-1,0
3,5,45,-1,1
3,5,-45,1,0
3,5,45,-1,1
3,5,45,1,1
3,5,45,1,1
3,5,45,1,1
3,5,45,1,1
3,5,45,1,1
3,5,45,1,1
3,5,-45,1,0
3,5,-45,-1,0
3,5,45,-1,0
3,5,45,-1,1
3,5,-45,1,0
3,5,45,-1,1
3,5,-45,1,0
3,5,-45,-1,0
3,5,-45,-1,0
3,5,45,-1,0
3,5,45,-1,1
3,5,-45,1,1
3,5,45,1,0
3,5,-45,-1,1
3,5,-45,1,0
3,5,-45,-1,0
3,5,-45,-1,0
3,5,45,-1,1
3,5,45,1,1
3,5,-45,1,0
3,5,45,-1,1
3,5,45,1,1
3,5,45,1,1
3,5,45,1,0
3,5,-45,-1,1
3,5,45,1,0
3,5,-45,-1,0
3,5,-45,-1,0
3,5,-45,-1,1
3,5,-45,1,1
3,5,45,1,1
3,5,-45,1,0
3,5,45,-1,0
3,5,-45,-1,0
3,5,45,-1,1
3,5,45,1,1
3,5,45,1,1
3,5,45,1,1
3,5,45,1,1
3,5,45,1,1
3,5,45,1,1
3,5,45,1,1
3,5,-45,1,1
3,6,45,0,1
3,6,45,1,1
3,6,-45,1,1
3,6,45,1,1
3,6,-45,1,1
3,6,45,1,1
3,6,45,1,0
3,6,-45,-1,1
3,6,45,1,1
3,6,45,1,1
3,6,-45,1,0
3,6,45,-1,1
3,6,-45,1,0
3,6,45,-1,0
3,6,-45,-1,1
3,6,-45,1,0
3,6,-45,-1,1
3,6,-45,1,1
3,6,-45,1,0
3,6,-45,-1,0
3,6,45,-1,1
3,6,45,1,1
3,6,-45,1,0
3,6,-45,-1,0
3,6,45,-1,0
3,6,-45,-1,0
3,6,-45,-1,0
3,6,45,-1,1
3,6,45,1,0
3,6,45,-1,1
3,6,-45,1,0
3,6,45,-1,0
3,6,45,-1,0
3,6,-45,-1,0
3,6,45,-1,0
3,6,45,-1,1
3,6,45,1,0
3,6,45,-1,1
3,6,-45,1,0
3,6,-45,-1,0
3,6,-45,-1,0
3,6,-45,-1,0
3,6,-45,-1,0
3,6,45,-1,1
3,6,45,1,1
3,6,-45,1,1
3,6,45,1,1
3,6,-45,1,1
3,6,45,1,0
3,6,-45,-1,0
3,6,-45,-1,1
3,6,45,1,1
3,6,45,1,0
3,6,-45,-1,0
3,6,-45,-1,0
3,6,-45,-1,0
3,6,-45,-1,0
3,6,-45,-1,0
3,6,45,-1,0
3,6,-45,-1,0
3,6,-45,-1,0
3,6,-45,-1,0
3,6,45,-1,1
3,6,-45,1,0
3,6,45,-1,1
3,6,45,1,0
3,6,45,-1,1
3,6,45,1,0
3,6,-45,-1,0
3,6,-45,-1,0
3,6,-45,-1,0
3,6,-45,-1,0
3,6,-45,-1,0
3,6,-45,-1,0
3,6,45,-1,1
3,6,-45,1,0
3,6,-45,-1,0
3,6,45,-1,1
3,6,-45,1,0
3,6,45,-1,1
3,6,45,1,0
3,6,45,-1,1
3,6,-45,1,0
3,6,-45,-1,0
3,6,-45,-1,0
3,6,45,-1,1
3,6,-45,1,0
3,6,-45,-1,1
3,6,45,1,1
3,6,-45,1,0
3,6,-45,-1,1
3,6,-45,1,0
3,6,-45,-1,0
3,6,45,-1,0
3,6,45,-1,1
3,6,45,1,1
3,6,45,1,1
3,6,45,1,1
3,6,-45,1,1
3,6,45,1,0
3,6,-45,-1,1
3,6,45,1,1
3,6,-45,1,0
3,6,-45,-1,0
3,6,45,-1,1
3,6,45,1,1
3,6,45,1,0
3,6,-45,-1,0
3,6,45,-1,1
3,6,45,1,1
3,6,45,1,1
3,6,-45,1,0
3,6,-45,-1,0
3,6,-45,-1,0
3,6,-45,-1,0
3,6,45,-1,1
3,6,45,1,0
3,6,-45,-1,0
3,6,45,-1,0
3,6,-45,-1,0
3,6,45,-1,0
3,6,-45,-1,0
3,6,45,-1,1
3,6,45,1,0
3,6,-45,-1,0
3,6,45,-1,1
3,6,-45,1,0
3,6,-45,-1,1
3,6,-45,1,0
3,6,-45,-1,0
3,6,-45,-1,0
3,6,-45,-1,0
3,6,45,-1,1
3,6,-45,1,0
3,6,-45,-1,0
3,6,-45,-1,1
3,6,45,1,0
3,6,45,-1,0
3,6,45,-1,1
3,6,45,1,1
3,6,45,1,0
3,6,-45,-1,1
3,6,45,1,1
3,6,-45,1,0
3,6,45,-1,1
3,6,45,1,0
3,6,45,-1,1
3,6,-45,1,0
3,6,-45,-1,0
3,6,-45,-1,0
3,6,45,-1,1
3,6,45,1,0
3,6,-45,-1,0
3,7,45,0,0
3,7,45,-1,1
3,7,-45,1,0
3,7,-45,-1,0
3,7,-45,-1,1
3,7,45,1,1
3,7,45,1,0
3,7,45,-1,1
3,7,45,1,1
3,7,45,1,1
3,7,45,1,0
3,7,-45,-1,0
3,7,-45,-1,0
3,7,-45,-1,0
3,7,45,-1,0
3,7,45,-1,1
3,7,-45,1,0
3,7,-45,-1,0
3,7,-45,-1,0
3,7,45,-1,1
3,7,45,1,0
3,7,-45,-1,0
3,7,45,-1,0
3,7,45,-1,1
3,7,-45,1,0
3,7,45,-1,1
3,7,-45,1,0
3,7,45,-1,0
3,7,45,-1,1
3,7,45,1,0
3,7,45,-1,1
3,7,-45,1,0
3,7,45,-1,1
3,7,45,1,1
3,7,45,1,1
3,7,45,1,1
3,7,45,1,1
3,7,-45,1,1
3,7,-45,1,1
3,7,-45,1,1
3,7,45,1,1
3,7,-45,1,0
3,7,45,-1,0
3,7,45,-1,1
3,7,-45,1,1
3,7,-45,1,0
3,7,-45,-1,0
3,7,-45,-1,0
3,7,-45,-1,0
3,7,45,-1,1
3,7,-45,1,0
3,7,45,-1,0
3,7,-45,-1,0
3,7,-45,-1,0
3,7,-45,-1,0
3,7,-45,-1,1
3,7,45,1,0
3,7,-45,-1,0
3,7,-45,-1,1
3,7,-45,1,0
3,7,-45,-1,0
3,7,-45,-1,0
3,7,-45,-1,0
3,7,45,-1,1
3,7,45,1,1
3,7,-45,1,0
3,7,45,-1,1
3,7,45,1,0
3,7,-45,-1,1
3,7,-45,1,0
3,7,-45,-1,0
3,7,45,-1,0
3,7,-45,-1,0
3,7,-45,-1,1
3,7,45,1,1
3,7,-45,1,0
3,7,45,-1,1
3,7,-45,1,0
3,7,45,-1,1
3,7,45,1,0
3,7,-45,-1,0
3,7,45,-1,1
3,7,45,1,0
3,7,-45,-1,0
3,7,45,-1,1
3,7,45,1,1
3,7,45,1,0
3,7,45,-1,1
3,7,-45,1,0
3,7,-45,-1,1
3,7,-45,1,0
3,7,-45,-1,0
3,7,45,-1,0
3,7,45,-1,1
3,7,-45,1,1
3,7,-45,1,0
3,7,-45,-1,0
3,7,45,-1,0
3,7,45,-1,1
3,7,-45,1,0
3,7,-45,-1,0
3,7,-45,-1,0
3,7,45,-1,1
3,7,45,1,1
3,7,-45,1,0
3,7,45,-1,1
3,7,45,1,1
3,7,-45,1,0
3,7,-45,-1,0
3,7,-45,-1,0
3,7,45,-1,1
3,7,-45,1,0
3,7,45,-1,1
3,7,45,1,1
3,7,45,1,1
3,7,-45,1,0
3,7,-45,-1,1
3,7,-45,1,0
3,7,-45,-1,1
3,7,45,1,1
3,7,45,1,1
3,7,-45,1,1
3,7,45,1,1
3,7,45,1,0
3,7,-45,-1,1
3,7,-45,1,0
3,7,-45,-1,1
3,7,45,1,1
3,7,-45,1,0
3,7,45,-1,1
3,7,-45,1,0
3,7,45,-1,1
3,7,45,1,1
3,7,45,1,1
3,7,45,1,1
3,7,45,1,1
3,7,45,1,1
3,7,45,1,1
3,7,-45,1,0
3,7,45,-1,1
3,7,45,1,1
3,7,45,1,1
3,7,-45,1,1
3,7,-45,1,0
3,7,45,-1,0
3,7,-45,-1,0
3,7,-45,-1,1
3,7,45,1,1
3,7,45,1,1
3,7,45,1,0
3,7,-45,-1,0
3,7,-45,-1,1
3,7,45,1,1
3,8,-45,0,0
3,8,45,-1,0
3,8,45,-1,1
3,8,-45,1,0
3,8,-45,-1,0
3,8,45,-1,1
3,8,45,1,1
3,8,-45,1,0
3,8,45,-1,1
3,8,-45,1,0
3,8,-45,-1,0
3,8,45,-1,1
3,8,45,1,1
3,8,-45,1,0
3,8,45,-1,1
3,8,-45,1,0
3,8,-45,-1,1
3,8,-45,1,1
3,8,45,1,1
3,8,-45,1,0
3,8,45,-1,0
3,8,45,-1,1
3,8,-45,1,0
3,8,-45,-1,0
3,8,45,-1,0
3,8,-45,-1,1
3,8,-45,1,0
3,8,-45,-1,0
3,8,45,-1,1
3,8,45,1,1
3,8,45,1,1
3,8,45,1,1
3,8,-45,1,1
3,8,-45,1,1
3,8,-45,1,0
3,8,-45,-1,1
3,8,-45,1,0
3,8,45,-1,1
3,8,-45,1,0
3,8,-45,-1,0
3,8,-45,-1,0
3,8,-45,-1,0
3,8,-45,-1,0
3,8,45,-1,1
3,8,45,1,1
3,8,-45,1,0
3,8,-45,-1,0
3,8,-45,-1,0
3,8,-45,-1,0
3,8,45,-1,1
3,8,-45,1,1
3,8,45,1,1
3,8,-45,1,1
3,8,45,1,1
3,8,45,1,1
3,8,45,1,1
3,8,45,1,1
3,8,-45,1,1
3,8,-45,1,1
3,8,-45,1,1
3,8,45,1,1
3,8,-45,1,1
3,8,45,1,1
3,8,45,1,1
3,8,45,1,1
3,8,-45,1,0
3,8,45,-1,1
3,8,-45,1,0
3,8,45,-1,1
3,8,45,1,1
3,8,45,1,1
3,8,45,1,1
3,8,-45,1,0
3,8,45,-1,1
3,8,45,1,1
3,8,-45,1,1
3,8,45,1,1
3,8,-45,1,0
3,8,45,-1,1
3,8,45,1,1
3,8,45,1,1
3,8,45,1,1
3,8,45,1,1
3,8,45,1,1
3,8,-45,1,1
3,8,45,1,1
3,8,-45,1,1
3,8,-45,1,0
3,8,45,-1,1
3,8,-45,1,1
3,8,45,1,1
3,8,45,1,1
3,8,45,1,1
3,8,-45,1,1
3,8,-45,1,0
3,8,45,-1,1
3,8,-45,1,0
3,8,45,-1,1
3,8,45,1,1
3,8,45,1,1
3,8,-45,1,0
3,8,45,-1,0
3,8,-45,-1,0
3,8,-45,-1,0
3,8,-45,-1,0
3,8,-45,-1,0
3,8,45,-1,0
3,8,45,-1,0
3,8,45,-1,0
3,8,-45,-1,0
3,8,45,-1,1
3,8,45,1,1
3,8,-45,1,1
3,8,-45,1,0
3,8,45,-1,1
3,8,45,1,1
3,8,45,1,1
3,8,45,1,0
3,8,-45,-1,0
3,8,-45,-1,0
3,8,-45,-1,0
3,8,45,-1,1
3,8,45,1,1
3,8,-45,1,0
3,8,-45,-1,0
3,8,45,-1,1
3,8,-45,1,1
3,8,45,1,0
3,8,-45,-1,1
3,8,-45,1,1
3,8,-45,1,0
3,8,-45,-1,0
3,8,-45,-1,0
3,8,45,-1,1
3,8,45,1,1
3,8,45,1,0
3,8,45,-1,0
3,8,45,-1,1
3,8,45,1,1
3,8,-45,1,0
3,8,-45,-1,0
3,8,-45,-1,1
3,8,45,1,1
3,8,45,1,1
3,8,45,1,1
3,8,45,1,1
3,8,45,1,1
3,8,-45,1,0
3,8,-45,-1,1
3,8,45,1,1
3,8,-45,1,0
3,8,45,-1,1
3,8,45,1,1
3,9,45,0,1
3,9,-45,1,1
3,9,-45,1,0
3,9,-45,-1,0
3,9,-45,-1,0
3,9,-45,-1,0
3,9,-45,-1,1
3,9,45,1,1
3,9,45,1,1
3,9,-45,1,0
3,9,-45,-1,0
3,9,45,-1,1
3,9,-45,1,0
3,9,-45,-1,0
3,9,45,-1,1
3,9,45,1,1
3,9,-45,1,0
3,9,45,-1,1
3,9,-45,1,1
3,9,45,1,0
3,9,-45,-1,0
3,9,-45,-1,0
3,9,-45,-1,0
3,9,-45,-1,0
3,9,-45,-1,0
3,9,-45,-1,1
3,9,-45,1,0
3,9,-45,-1,0
3,9,-45,-1,0
3,9,-45,-1,0
3,9,-45,-1,0
3,9,-45,-1,0
3,9,45,-1,0
3,9,45,-1,0
3,9,45,-1,0
3,9,-45,-1,0
3,9,-45,-1,0
3,9,-45,-1,0
3,9,45,-1,0
3,9,45,-1,1
3,9,45,1,1
3,9,45,1,1
3,9,45,1,1
3,9,45,1,1
3,9,45,1,1
3,9,-45,1,1
3,9,45,1,1
3,9,-45,1,0
3,9,-45,-1,0
3,9,45,-1,0
3,9,45,-1,1
3,9,-45,1,0
3,9,-45,-1,0
3,9,45,-1,1
3,9,-45,1,0
3,9,-45,-1,0
3,9,45,-1,0
3,9,45,-1,1
3,9,-45,1,0
3,9,45,-1,1
3,9,45,1,1
3,9,-45,1,1
3,9,45,1,1
3,9,-45,1,1
3,9,45,1,1
3,9,45,1,1
3,9,45,1,1
3,9,-45,1,0
3,9,-45,-1,0
3,9,45,-1,1
3,9,-45,1,0
3,9,45,-1,1
3,9,-45,1,1
3,9,45,1,1
3,9,45,1,1
3,9,-45,1,1
3,9,45,1,1
3,9,45,1,1
3,9,45,1,1
3,9,45,1,1
3,9,45,1,0
3,9,-45,-1,1
3,9,45,1,1
3,9,-45,1,1
3,9,45,1,1
3,9,45,1,0
3,9,45,-1,1
3,9,-45,1,0
3,9,-45,-1,0
3,9,-45,-1,1
3,9,45,1,1
3,9,-45,1,1
3,9,-45,1,0
3,9,-45,-1,1
3,9,-45,1,0
3,9,45,-1,1
3,9,-45,1,0
3,9,-45,-1,1
3,9,-45,1,0
3,9,-45,-1,1
3,9,45,1,0
3,9,-45,-1,0
3,9,-45,-1,0
3,9,45,-1,1
3,9,-45,1,0
3,9,45,-1,0
3,9,-45,-1,0
3,9,-45,-1,0
3,9,-45,-1,0
3,9,-45,-1,0
3,9,-45,-1,0
3,9,45,-1,0
3,9,45,-1,1
3,9,-45,1,1
3,9,-45,1,0
3,9,45,-1,1
3,9,45,1,1
3,9,45,1,1
3,9,-45,1,0
3,9,45,-1,1
3,9,45,1,1
3,9,45,1,1
3,9,45,1,1
3,9,-45,1,0
3,9,45,-1,0
3,9,-45,-1,1
3,9,-45,1,1
3,9,-45,1,1
3,9,-45,1,0
3,9,-45,-1,0
3,9,-45,-1,0
3,9,45,-1,0
3,9,-45,-1,0
3,9,45,-1,1
3,9,-45,1,0
3,9,45,-1,1
3,9,45,1,1
3,9,45,1,1
3,9,-45,1,0
3,9,-45,-1,0
3,9,45,-1,1
3,9,-45,1,0
3,9,45,-1,1
3,9,45,1,1
3,9,45,1,0
3,9,-45,-1,0
3,9,45,-1,0
3,9,45,-1,0
3,9,45,-1,1
3,9,-45,1,1
3,9,45,1,1
3,9,45,1,1
3,9,45,1,1
3,10,-45,0,1
3,10,45,1,1
3,10,45,1,1
3,10,45,1,1
3,10,45,1,1
3,10,-45,1,0
3,10,45,-1,0
3,10,-45,-1,0
3,10,-45,-1,0
3,10,45,-1,0
3,10,-45,-1,0
3,10,45,-1,0
3,10,45,-1,1
3,10,-45,1,0
3,10,45,-1,1
3,10,45,1,1
3,10,-45,1,0
3,10,45,-1,1
3,10,-45,1,0
3,10,45,-1,1
3,10,45,1,1
3,10,45,1,1
3,10,45,1,0
3,10,45,-1,1
3,10,45,1,1
3,10,45,1,1
3,10,-45,1,1
3,10,-45,1,0
3,10,-45,-1,0
3,10,45,-1,1
3,10,45,1,1
3,10,-45,1,1
3,10,45,1,1
3,10,-45,1,0
3,10,-45,-1,0
3,10,-45,-1,0
3,10,-45,-1,0
3,10,-45,-1,0
3,10,-45,-1,0
3,10,-45,-1,1
3,10,-45,1,0
3,10,45,-1,1
3,10,45,1,0
3,10,-45,-1,0
3,10,-45,-1,0
3,10,45,-1,0
3,10,-45,-1,0
3,10,-45,-1,0
3,10,45,-1,0
3,10,45,-1,1
3,10,45,1,0
3,10,45,-1,1
3,10,-45,1,0
3,10,-45,-1,0
3,10,-45,-1,0
3,10,45,-1,0
3,10,-45,-1,0
3,10,-45,-1,0
3,10,45,-1,1
3,10,-45,1,0
3,10,45,-1,1
3,10,45,1,1
3,10,-45,1,1
3,10,-45,1,0
3,10,45,-1,1
3,10,45,1,0
3,10,45,-1,1
3,10,45,1,0
3,10,-45,-1,1
3,10,-45,1,0
3,10,-45,-1,0
3,10,45,-1,1
3,10,-45,1,1
3,10,-45,1,0
3,10,45,-1,1
3,10,-45,1,0
3,10,45,-1,0
3,10,45,-1,0
3,10,45,-1,1
3,10,-45,1,1
3,10,-45,1,1
3,10,45,1,1
3,10,45,1,1
3,10,-45,1,0
3,10,45,-1,1
3,10,45,1,0
3,10,-45,-1,1
3,10,-45,1,0
3,10,-45,-1,1
3,10,-45,1,0
3,10,45,-1,1
3,10,-45,1,0
3,10,-45,-1,1
3,10,-45,1,0
3,10,45,-1,1
3,10,45,1,0
3,10,-45,-1,0
3,10,45,-1,1
3,10,45,1,1
3,10,-45,1,1
3,10,-45,1,0
3,10,-45,-1,1
3,10,-45,1,1
3,10,-45,1,1
3,10,45,1,1
3,10,-45,1,1
3,10,-45,1,0
3,10,45,-1,1
3,10,-45,1,1
3,10,45,1,1
3,10,-45,1,1
3,10,45,1,1
3,10,-45,1,0
3,10,45,-1,1
3,10,45,1,1
3,10,-45,1,1
3,10,-45,1,1
3,10,45,1,1
3,10,-45,1,1
3,10,45,1,1
3,10,45,1,1
3,10,45,1,1
3,10,-45,1,0
3,10,45,-1,0
3,10,45,-1,1
3,10,45,1,1
3,10,45,1,1
3,10,45,1,0
3,10,-45,-1,1
3,10,-45,1,1
3,10,-45,1,1
3,10,45,1,0
3,10,45,-1,0
3,10,45,-1,1
3,10,45,1,1
3,10,45,1,1
3,10,45,1,0
3,10,-45,-1,0
3,10,45,-1,1
3,10,-45,1,0
3,10,-45,-1,1
3,10,45,1,1
3,10,-45,1,0
3,10,-45,-1,0
3,10,-45,-1,0
3,10,45,-1,1
3,10,45,1,0
3,10,-45,-1,1
3,10,-45,1,0
3,10,-45,-1,0
3,10,-45,-1,0
3,10,45,-1,0
3,10,-45,-1,0
4,1,-45,0,1
4,1,45,1,1
4,1,-45,1,0
4,1,-45,-1,0
4,1,45,-1,0
4,1,45,-1,0
4,1,-45,-1,1
4,1,45,1,1
4,1,45,1,1
4,1,-45,1,0
4,1,-45,-1,0
4,1,45,-1,1
4,1,-45,1,0
4,1,45,-1,1
4,1,45,1,1
4,1,45,1,0
4,1,45,-1,1
4,1,45,1,0
4,1,-45,-1,0
4,1,45,-1,1
4,1,45,1,0
4,1,-45,-1,0
4,1,-45,-1,0
4,1,45,-1,0
4,1,45,-1,1
4,1,-45,1,0
4,1,-45,-1,0
4,1,45,-1,1
4,1,45,1,1
4,1,-45,1,0
4,1,45,-1,0
4,1,-45,-1,0
4,1,45,-1,0
4,1,-45,-1,0
4,1,-45,-1,0
4,1,-45,-1,0
4,1,45,-1,1
4,1,-45,1,1
4,1,-45,1,1
4,1,45,1,1
4,1,-45,1,0
4,1,45,-1,1
4,1,-45,1,0
4,1,45,-1,0
4,1,45,-1,1
4,1,45,1,1
4,1,-45,1,1
4,1,-45,1,1
4,1,-45,1,1
4,1,45,1,1
4,1,45,1,0
4,1,45,-1,1
4,1,45,1,1
4,1,-45,1,0
4,1,-45,-1,0
4,1,45,-1,0
4,1,45,-1,1
4,1,45,1,1
4,1,45,1,1
4,1,45,1,0
4,1,-45,-1,1
4,1,-45,1,1
4,1,45,1,1
4,1,45,1,0
4,1,45,-1,1
4,1,45,1,1
4,1,-45,1,0
4,1,-45,-1,0
4,1,45,-1,1
4,1,45,1,0
4,1,45,-1,1
4,1,45,1,0
4,1,45,-1,0
4,1,-45,-1,1
4,1,-45,1,0
4,1,-45,-1,0
4,1,-45,-1,0
4,1,-45,-1,0
4,1,-45,-1,0
4,1,-45,-1,0
4,1,-45,-1,0
4,1,-45,-1,0
4,1,-45,-1,0
4,1,-45,-1,1
4,1,45,1,1
4,1,-45,1,0
4,1,45,-1,0
4,1,-45,-1,0
4,1,45,-1,1
4,1,-45,1,0
4,1,-45,-1,0
4,1,45,-1,1
4,1,45,1,1
4,1,45,1,1
4,1,45,1,0
4,1,-45,-1,0
4,1,45,-1,1
4,1,-45,1,0
4,1,45,-1,1
4,1,45,1,1
4,1,-45,1,0
4,1,45,-1,1
4,1,45,1,1
4,1,-45,1,1
4,1,45,1,1
4,1,-45,1,0
4,1,-45,-1,1
4,1,-45,1,0
4,1,45,-1,1
4,1,45,1,1
4,1,-45,1,1
4,1,-45,1,0
4,1,45,-1,1
4,1,45,1,0
4,1,45,-1,1
4,1,45,1,1
4,1,-45,1,0
4,1,45,-1,1
4,1,-45,1,0
4,1,-45,-1,0
4,1,45,-1,1
4,1,45,1,1
4,1,45,1,1
4,1,45,1,1
4,1,-45,1,1
4,1,45,1,1
4,1,45,1,1
4,1,45,1,1
4,1,45,1,1
4,1,45,1,1
4,1,-45,1,1
4,1,-45,1,1
4,1,-45,1,1
4,1,45,1,1
4,1,-45,1,1
4,1,-45,1,0
4,1,-45,-1,1
4,1,-45,1,0
4,1,-45,-1,0
4,1,-45,-1,1
4,1,-45,1,0
4,1,-45,-1,0
4,1,45,-1,1
4,1,-45,1,0
4,1,-45,-1,0
4,1,45,-1,1
4,1,-45,1,0
4,1,45,-1,1
4,1,-45,1,1
4,1,45,1,1
4,1,45,1,1
4,1,45,1,1
4,1,45,1,0
4,2,45,0,1
4,2,-45,1,0
4,2,-45,-1,1
4,2,45,1,1
4,2,-45,1,1
4,2,45,1,1
4,2,-45,1,1
4,2,45,1,1
4,2,-45,1,1
4,2,-45,1,0
4,2,-45,-1,0
4,2,-45,-1,0
4,2,45,-1,1
4,2,45,1,0
4,2,-45,-1,0
4,2,-45,-1,0
4,2,-45,-1,0
4,2,-45,-1,0
4,2,-45,-1,0
4,2,-45,-1,1
4,2,45,1,1
4,2,-45,1,0
4,2,45,-1,0
4,2,-45,-1,0
4,2,-45,-1,1
4,2,-45,1,1
4,2,-45,1,0
4,2,-45,-1,0
4,2,45,-1,1
4,2,-45,1,1
4,2,-45,1,0
4,2,-45,-1,0
4,2,-45,-1,0
4,2,45,-1,1
4,2,45,1,0
4,2,45,-1,1
4,2,45,1,0
4,2,45,-1,1
4,2,45,1,1
4,2,-45,1,0
4,2,45,-1,1
4,2,-45,1,0
4,2,-45,-1,1
4,2,-45,1,0
4,2,-45,-1,0
4,2,45,-1,0
4,2,45,-1,1
4,2,-45,1,0
4,2,45,-1,1
4,2,45,1,1
4,2,-45,1,0
4,2,45,-1,1
4,2,-45,1,0
4,2,45,-1,0
4,2,-45,-1,1
4,2,45,1,1
4,2,-45,1,0
4,2,-45,-1,1
4,2,45,1,1
4,2,-45,1,0
4,2,-45,-1,0
4,2,45,-1,1
4,2,-45,1,0
4,2,-45,-1,0
4,2,45,-1,1
4,2,45,1,1
4,2,-45,1,0
4,2,-45,-1,0
4,2,-45,-1,1
4,2,-45,1,0
4,2,45,-1,1
4,2,45,1,1
4,2,45,1,1
4,2,45,1,1
4,2,-45,1,0
4,2,45,-1,0
4,2,45,-1,0
4,2,45,-1,1
4,2,45,1,1
4,2,45,1,1
4,2,-45,1,0
4,2,-45,-1,1
4,2,45,1,1
4,2,45,1,1
4,2,45,1,0
4,2,45,-1,1
4,2,-45,1,1
4,2,45,1,1
4,2,-45,1,0
4,2,45,-1,1
4,2,-45,1,0
4,2,-45,-1,0
4,2,45,-1,1
4,2,45,1,1
4,2,45,1,1
4,2,-45,1,1
4,2,-45,1,0
4,2,45,-1,1
4,2,45,1,1
4,2,-45,1,0
4,2,-45,-1,0
4,2,-45,-1,0
4,2,-45,-1,0
4,2,45,-1,1
4,2,45,1,1
4,2,45,1,0
4,2,45,-1,1
4,2,-45,1,0
4,2,-45,-1,0
4,2,45,-1,1
4,2,-45,1,1
4,2,45,1,1
4,2,45,1,0
4,2,45,-1,0
4,2,45,-1,1
4,2,-45,1,1
4,2,45,1,1
4,2,45,1,1
4,2,-45,1,0
4,2,-45,-1,0
4,2,-45,-1,0
4,2,-45,-1,0
4,2,45,-1,1
4,2,45,1,1
4,2,-45,1,1
4,2,-45,1,0
4,2,-45,-1,0
4,2,45,-1,0
4,2,45,-1,1
4,2,45,1,1
4,2,45,1,1
4,2,45,1,0
4,2,-45,-1,0
4,2,-45,-1,0
4,2,45,-1,0
4,2,45,-1,1
4,2,-45,1,1
4,2,-45,1,0
4,2,-45,-1,0
4,2,-45,-1,0
4,2,45,-1,0
4,2,45,-1,1
4,2,45,1,0
4,2,45,-1,0
4,2,-45,-1,0
4,2,45,-1,1
4,2,-45,1,1
4,2,45,1,1
4,2,45,1,1
4,2,-45,1,1
4,2,-45,1,0
4,2,45,-1,1
4,2,-45,1,0
4,3,-45,0,0
4,3,-45,-1,0
4,3,45,-1,1
4,3,-45,1,0
4,3,-45,-1,1
4,3,45,1,1
4,3,-45,1,0
4,3,45,-1,1
4,3,45,1,0
4,3,-45,-1,1
4,3,45,1,1
4,3,45,1,1
4,3,-45,1,0
4,3,45,-1,1
4,3,45,1,1
4,3,-45,1,0
4,3,45,-1,1
4,3,-45,1,0
4,3,-45,-1,0
4,3,45,-1,0
4,3,45,-1,1
4,3,-45,1,1
4,3,45,1,0
4,3,-45,-1,0
4,3,-45,-1,0
4,3,-45,-1,1
4,3,-45,1,0
4,3,-45,-1,1
4,3,-45,1,0
4,3,45,-1,1
4,3,45,1,0
4,3,45,-1,1
4,3,45,1,1
4,3,45,1,1
4,3,-45,1,1
4,3,45,1,1
4,3,-45,1,0
4,3,-45,-1,1
4,3,45,1,1
4,3,45,1,0
4,3,-45,-1,0
4,3,-45,-1,0
4,3,-45,-1,0
4,3,-45,-1,0
4,3,-45,-1,0
4,3,-45,-1,1
4,3,-45,1,1
4,3,-45,1,0
4,3,-45,-1,0
4,3,-45,-1,0
4,3,45,-1,1
4,3,-45,1,1
4,3,-45,1,0
4,3,-45,-1,0
4,3,-45,-1,0
4,3,45,-1,1
4,3,45,1,1
4,3,45,1,1
4,3,45,1,1
4,3,-45,1,0
4,3,-45,-1,1
4,3,-45,1,1
4,3,-45,1,0
4,3,45,-1,0
4,3,-45,-1,0
4,3,-45,-1,0
4,3,-45,-1,1
4,3,45,1,0
4,3,-45,-1,0
4,3,-45,-1,1
4,3,45,1,1
4,3,-45,1,1
4,3,45,1,1
4,3,-45,1,0
4,3,45,-1,1
4,3,45,1,0
4,3,45,-1,1
4,3,45,1,0
4,3,45,-1,1
4,3,45,1,0
4,3,-45,-1,0
4,3,45,-1,1
4,3,45,1,1
4,3,-45,1,1
4,3,45,1,1
4,3,-45,1,0
4,3,-45,-1,1
4,3,45,1,1
4,3,-45,1,0
4,3,-45,-1,1
4,3,-45,1,1
4,3,-45,1,0
4,3,45,-1,1
4,3,-45,1,0
4,3,-45,-1,0
4,3,45,-1,1
4,3,-45,1,0
4,3,-45,-1,1
4,3,45,1,1
4,3,45,1,1
4,3,45,1,1
4,3,45,1,1
4,3,45,1,1
4,3,45,1,0
4,3,-45,-1,0
4,3,-45,-1,1
4,3,-45,1,0
4,3,45,-1,1
4,3,-45,1,0
4,3,-45,-1,1
4,3,-45,1,0
4,3,-45,-1,1
4,3,-45,1,0
4,3,45,-1,0
4,3,45,-1,0
4,3,-45,-1,1
4,3,45,1,0
4,3,-45,-1,0
4,3,45,-1,1
4,3,45,1,0
4,3,-45,-1,0
4,3,-45,-1,0
4,3,45,-1,1
4,3,45,1,0
4,3,-45,-1,0
4,3,45,-1,1
4,3,45,1,1
4,3,45,1,0
4,3,-45,-1,1
4,3,-45,1,0
4,3,45,-1,1
4,3,45,1,1
4,3,-45,1,0
4,3,-45,-1,1
4,3,-45,1,0
4,3,-45,-1,0
4,3,-45,-1,0
4,3,-45,-1,0
4,3,-45,-1,0
4,3,45,-1,1
4,3,45,1,1
4,3,-45,1,0
4,3,-45,-1,0
4,3,45,-1,0
4,3,45,-1,0
4,3,-45,-1,1
4,3,-45,1,0
4,3,-45,-1,0
4,3,-45,-1,1
4,3,-45,1,0
4,3,45,-1,1
4,3,-45,1,0
4,3,45,-1,1
4,4,45,0,1
4,4,-45,1,0
4,4,-45,-1,0
4,4,45,-1,0
4,4,-45,-1,0
4,4,45,-1,1
4,4,-45,1,0
4,4,45,-1,1
4,4,45,1,0
4,4,-45,-1,1
4,4,45,1,1
4,4,45,1,1
4,4,-45,1,0
4,4,-45,-1,1
4,4,-45,1,0
4,4,-45,-1,0
4,4,-45,-1,1
4,4,45,1,1
4,4,45,1,1
4,4,45,1,0
4,4,-45,-1,1
4,4,45,1,1
4,4,-45,1,0
4,4,-45,-1,0
4,4,45,-1,0
4,4,-45,-1,0
4,4,45,-1,0
4,4,-45,-1,0
4,4,-45,-1,0
4,4,45,-1,1
4,4,45,1,0
4,4,-45,-1,1
4,4,-45,1,0
4,4,-45,-1,1
4,4,-45,1,0
4,4,-45,-1,0
4,4,-45,-1,0
4,4,-45,-1,0
4,4,45,-1,0
4,4,45,-1,1
4,4,45,1,1
4,4,-45,1,0
4,4,45,-1,1
4,4,45,1,1
4,4,-45,1,0
4,4,-45,-1,1
4,4,45,1,0
4,4,-45,-1,0
4,4,45,-1,0
4,4,-45,-1,0
4,4,-45,-1,0
4,4,-45,-1,0
4,4,45,-1,0
4,4,45,-1,1
4,4,-45,1,0
4,4,-45,-1,0
4,4,45,-1,1
4,4,-45,1,1
4,4,-45,1,0
4,4,-45,-1,0
4,4,45,-1,1
4,4,45,1,1
4,4,-45,1,0
4,4,45,-1,0
4,4,45,-1,1
4,4,45,1,1
4,4,-45,1,0
4,4,45,-1,1
4,4,45,1,1
4,4,45,1,1
4,4,-45,1,1
4,4,-45,1,0
4,4,45,-1,0
4,4,45,-1,1
4,4,-45,1,0
4,4,45,-1,1
4,4,-45,1,0
4,4,-45,-1,0
4,4,45,-1,1
4,4,45,1,1
4,4,45,1,1
4,4,45,1,1
4,4,45,1,1
4,4,-45,1,1
4,4,45,1,1
4,4,45,1,0
4,4,-45,-1,0
4,4,45,-1,1
4,4,45,1,1
4,4,45,1,1
4,4,45,1,1
4,4,-45,1,0
4,4,45,-1,1
4,4,-45,1,0
4,4,-45,-1,0
4,4,45,-1,1
4,4,45,1,1
4,4,-45,1,1
4,4,45,1,1
4,4,45,1,1
4,4,-45,1,0
4,4,45,-1,1
4,4,45,1,0
4,4,-45,-1,1
4,4,-45,1,1
4,4,45,1,1
4,4,-45,1,0
4,4,-45,-1,0
4,4,-45,-1,1
4,4,-45,1,1
4,4,-45,1,1
4,4,45,1,1
4,4,45,1,1
4,4,-45,1,1
4,4,-45,1,0
4,4,45,-1,1
4,4,-45,1,1
4,4,-45,1,0
4,4,-45,-1,1
4,4,-45,1,1
4,4,45,1,1
4,4,45,1,1
4,4,45,1,1
4,4,-45,1,0
4,4,-45,-1,1
4,4,-45,1,0
4,4,-45,-1,1
4,4,45,1,0
4,4,-45,-1,1
4,4,45,1,1
4,4,45,1,1
4,4,45,1,1
4,4,-45,1,1
4,4,-45,1,0
4,4,-45,-1,1
4,4,45,1,1
4,4,-45,1,1
4,4,-45,1,1
4,4,-45,1,1
4,4,-45,1,0
4,4,-45,-1,1
4,4,45,1,1
4,4,45,1,1
4,4,-45,1,1
4,4,-45,1,0
4,4,45,-1,1
4,4,-45,1,0
4,4,-45,-1,1
4,4,45,1,0
4,4,45,-1,1
4,4,45,1,1
4,4,45,1,1
4,4,-45,1,0
4,5,-45,0,1
4,5,-45,1,0
4,5,45,-1,1
4,5,45,1,1
4,5,-45,1,0
4,5,-45,-1,1
4,5,-45,1,1
4,5,-45,1,0
4,5,45,-1,1
4,5,-45,1,0
4,5,45,-1,1
4,5,-45,1,0
4,5,45,-1,0
4,5,45,-1,0
4,5,-45,-1,0
4,5,-45,-1,0
4,5,45,-1,1
4,5,45,1,1
4,5,-45,1,0
4,5,45,-1,1
4,5,45,1,1
4,5,-45,1,0
4,5,-45,-1,0
4,5,45,-1,0
4,5,-45,-1,0
4,5,-45,-1,0
4,5,-45,-1,0
4,5,45,-1,0
4,5,-45,-1,0
4,5,-45,-1,0
4,5,-45,-1,0
4,5,-45,-1,0
4,5,-45,-1,0
4,5,45,-1,0
4,5,-45,-1,0
4,5,-45,-1,0
4,5,45,-1,1
4,5,-45,1,0
4,5,-45,-1,0
4,5,45,-1,0
4,5,45,-1,0
4,5,-45,-1,0
4,5,45,-1,0
4,5,-45,-1,0
4,5,45,-1,1
4,5,-45,1,0
4,5,45,-1,0
4,5,-45,-1,0
4,5,45,-1,0
4,5,-45,-1,0
4,5,45,-1,0
4,5,45,-1,0
4,5,45,-1,0
4,5,-45,-1,0
4,5,45,-1,0
4,5,45,-1,0
4,5,-45,-1,0
4,5,-45,-1,0
4,5,-45,-1,0
4,5,-45,-1,0
4,5,-45,-1,1
4,5,-45,1,0
4,5,45,-1,0
4,5,-45,-1,0
4,5,45,-1,1
4,5,-45,1,0
4,5,-45,-1,0
4,5,-45,-1,0
4,5,45,-1,0
4,5,45,-1,0
4,5,-45,-1,1
4,5,45,1,1
4,5,45,1,0
4,5,-45,-1,0
4,5,45,-1,1
4,5,-45,1,0
4,5,45,-1,1
4,5,45,1,1
4,5,45,1,0
4,5,-45,-1,0
4,5,45,-1,1
4,5,-45,1,1
4,5,45,1,1
4,5,-45,1,0
4,5,45,-1,1
4,5,-45,1,0
4,5,45,-1,1
4,5,-45,1,1
4,5,-45,1,0
4,5,-45,-1,0
4,5,45,-1,1
4,5,45,1,0
4,5,45,-1,0
4,5,-45,-1,0
4,5,-45,-1,0
4,5,-45,-1,0
4,5,-45,-1,0
4,5,-45,-1,1
4,5,-45,1,1
4,5,-45,1,1
4,5,45,1,0
4,5,-45,-1,1
4,5,45,1,1
4,5,-45,1,0
4,5,-45,-1,0
4,5,-45,-1,1
4,5,45,1,1
4,5,-45,1,0
4,5,45,-1,1
4,5,-45,1,1
4,5,45,1,1
4,5,-45,1,0
4,5,-45,-1,1
4,5,-45,1,1
4,5,45,1,1
4,5,-45,1,1
4,5,-45,1,1
4,5,45,1,1
4,5,45,1,1
4,5,-45,1,0
4,5,-45,-1,1
4,5,45,1,1
4,5,-45,1,1
4,5,-45,1,0
4,5,-45,-1,0
4,5,-45,-1,1
4,5,45,1,0
4,5,-45,-1,1
4,5,-45,1,0
4,5,-45,-1,0
4,5,-45,-1,0
4,5,45,-1,1
4,5,45,1,1
4,5,45,1,1
4,5,45,1,1
4,5,-45,1,0
4,5,45,-1,1
4,5,-45,1,0
4,5,45,-1,1
4,5,45,1,0
4,5,-45,-1,0
4,5,-45,-1,1
4,5,-45,1,1
4,5,45,1,0
4,5,45,-1,1
4,5,-45,1,1
4,5,-45,1,1
4,5,-45,1,1
4,5,-45,1,1
4,5,45,1,0
4,5,-45,-1,1
4,5,-45,1,0
4,5,45,-1,0
4,6,45,0,1
4,6,-45,1,1
4,6,45,1,1
4,6,45,1,1
4,6,45,1,1
4,6,45,1,1
4,6,45,1,1
4,6,45,1,1
4,6,45,1,0
4,6,-45,-1,0
4,6,-45,-1,1
4,6,45,1,0
4,6,-45,-1,0
4,6,45,-1,1
4,6,-45,1,1
4,6,45,1,1
4,6,-45,1,1
4,6,45,1,1
4,6,-45,1,1
4,6,-45,1,1
4,6,45,1,1
4,6,-45,1,0
4,6,45,-1,1
4,6,-45,1,1
4,6,45,1,1
4,6,-45,1,1
4,6,45,1,1
4,6,-45,1,0
4,6,-45,-1,1
4,6,-45,1,1
4,6,45,1,1
4,6,-45,1,1
4,6,45,1,0
4,6,-45,-1,1
4,6,45,1,1
4,6,45,1,1
4,6,45,1,0
4,6,45,-1,0
4,6,45,-1,0
4,6,45,-1,1
4,6,-45,1,0
4,6,45,-1,1
4,6,45,1,1
4,6,45,1,0
4,6,45,-1,1
4,6,45,1,0
4,6,45,-1,1
4,6,45,1,1
4,6,-45,1,0
4,6,45,-1,1
4,6,45,1,0
4,6,45,-1,0
4,6,45,-1,1
4,6,45,1,0
4,6,45,-1,1
4,6,45,1,0
4,6,-45,-1,0
4,6,-45,-1,1
4,6,-45,1,1
4,6,45,1,0
4,6,45,-1,0
4,6,45,-1,0
4,6,45,-1,1
4,6,-45,1,1
4,6,-45,1,1
4,6,45,1,1
4,6,45,1,1
4,6,-45,1,0
4,6,45,-1,0
4,6,45,-1,1
4,6,45,1,1
4,6,-45,1,0
4,6,45,-1,1
4,6,45,1,1
4,6,-45,1,0
4,6,-45,-1,0
4,6,45,-1,1
4,6,-45,1,1
4,6,-45,1,0
4,6,-45,-1,1
4,6,-45,1,0
4,6,-45,-1,1
4,6,-45,1,1
4,6,-45,1,1
4,6,-45,1,1
4,6,-45,1,1
4,6,-45,1,1
4,6,-45,1,1
4,6,-45,1,0
4,6,45,-1,1
4,6,-45,1,0
4,6,-45,-1,0
4,6,-45,-1,0
4,6,-45,-1,0
4,6,-45,-1,1
4,6,-45,1,0
4,6,-45,-1,0
4,6,-45,-1,0
4,6,45,-1,0
4,6,-45,-1,0
4,6,-45,-1,0
4,6,-45,-1,1
4,6,45,1,0
4,6,45,-1,0
4,6,45,-1,0
4,6,45,-1,1
4,6,-45,1,0
4,6,-45,-1,1
4,6,45,1,0
4,6,45,-1,0
4,6,45,-1,1
4,6,45,1,0
4,6,-45,-1,0
4,6,45,-1,0
4,6,-45,-1,0
4,6,45,-1,0
4,6,-45,-1,1
4,6,45,1,0
4,6,45,-1,0
4,6,-45,-1,0
4,6,45,-1,1
4,6,-45,1,1
4,6,45,1,0
4,6,-45,-1,0
4,6,45,-1,0
4,6,45,-1,0
4,6,-45,-1,0
4,6,-45,-1,0
4,6,-45,-1,0
4,6,45,-1,0
4,6,-45,-1,1
4,6,-45,1,1
4,6,45,1,0
4,6,-45,-1,0
4,6,45,-1,0
4,6,-45,-1,1
4,6,-45,1,0
4,6,45,-1,0
4,6,45,-1,0
4,6,45,-1,0
4,6,45,-1,0
4,6,-45,-1,0
4,6,45,-1,1
4,6,-45,1,0
4,6,-45,-1,1
4,6,-45,1,1
4,6,-45,1,1
4,6,45,1,1
4,6,-45,1,0
4,6,45,-1,1
4,6,-45,1,1
4,6,-45,1,0
4,6,45,-1,1
4,7,-45,0,0
4,7,45,-1,1
4,7,-45,1,1
4,7,-45,1,1
4,7,-45,1,0
4,7,-45,-1,1
4,7,45,1,1
4,7,45,1,1
4,7,45,1,1
4,7,-45,1,1
4,7,-45,1,0
4,7,45,-1,0
4,7,-45,-1,0
4,7,45,-1,0
4,7,-45,-1,0
4,7,-45,-1,0
4,7,45,-1,1
4,7,-45,1,0
4,7,-45,-1,0
4,7,45,-1,0
4,7,-45,-1,0
4,7,45,-1,1
4,7,-45,1,0
4,7,45,-1,1
4,7,-45,1,0
4,7,45,-1,0
4,7,45,-1,1
4,7,-45,1,0
4,7,-45,-1,0
4,7,45,-1,0
4,7,45,-1,1
4,7,45,1,1
4,7,-45,1,0
4,7,45,-1,0
4,7,45,-1,1
4,7,45,1,0
4,7,45,-1,1
4,7,45,1,0
4,7,45,-1,1
4,7,-45,1,0
4,7,-45,-1,0
4,7,45,-1,0
4,7,45,-1,1
4,7,45,1,0
4,7,45,-1,0
4,7,45,-1,0
4,7,-45,-1,0
4,7,45,-1,1
4,7,-45,1,1
4,7,45,1,0
4,7,45,-1,0
4,7,-45,-1,1
4,7,-45,1,0
4,7,45,-1,0
4,7,45,-1,1
4,7,45,1,0
4,7,-45,-1,1
4,7,45,1,0
4,7,-45,-1,1
4,7,45,1,0
4,7,-45,-1,1
4,7,-45,1,0
4,7,45,-1,0
4,7,45,-1,0
4,7,-45,-1,0
4,7,-45,-1,0
4,7,45,-1,1
4,7,45,1,0
4,7,45,-1,0
4,7,45,-1,1
4,7,45,1,1
4,7,45,1,1
4,7,45,1,1
4,7,-45,1,0
4,7,-45,-1,1
4,7,45,1,1
4,7,-45,1,0
4,7,-45,-1,0
4,7,-45,-1,1
4,7,45,1,1
4,7,45,1,1
4,7,-45,1,1
4,7,-45,1,1
4,7,45,1,1
4,7,-45,1,0
4,7,-45,-1,0
4,7,45,-1,1
4,7,-45,1,1
4,7,-45,1,0
4,7,45,-1,1
4,7,-45,1,0
4,7,45,-1,0
4,7,-45,-1,0
4,7,45,-1,1
4,7,45,1,0
4,7,-45,-1,1
4,7,-45,1,0
4,7,45,-1,0
4,7,45,-1,1
4,7,45,1,1
4,7,45,1,0
4,7,-45,-1,1
4,7,45,1,0
4,7,45,-1,1
4,7,45,1,1
4,7,-45,1,0
4,7,45,-1,1
4,7,45,1,1
4,7,45,1,1
4,7,-45,1,0
4,7,45,-1,1
4,7,-45,1,0
4,7,45,-1,1
4,7,45,1,1
4,7,-45,1,0
4,7,45,-1,0
4,7,-45,-1,0
4,7,-45,-1,0
4,7,-45,-1,0
4,7,-45,-1,0
4,7,45,-1,0
4,7,45,-1,0
4,7,45,-1,1
4,7,-45,1,1
4,7,-45,1,0
4,7,45,-1,1
4,7,-45,1,0
4,7,-45,-1,0
4,7,-45,-1,0
4,7,45,-1,1
4,7,45,1,0
4,7,45,-1,0
4,7,45,-1,1
4,7,45,1,0
4,7,45,-1,1
4,7,-45,1,1
4,7,45,1,1
4,7,45,1,1
4,7,45,1,1
4,7,45,1,0
4,7,45,-1,1
4,7,45,1,1
4,7,-45,1,0
4,7,45,-1,0
4,7,-45,-1,0
4,7,45,-1,1
4,7,-45,1,0
4,7,45,-1,0
4,7,45,-1,0
4,7,45,-1,1
4,7,45,1,1
4,7,45,1,1
4,7,-45,1,0
4,8,-45,0,0
4,8,45,-1,0
4,8,45,-1,1
4,8,45,1,0
4,8,-45,-1,1
4,8,-45,1,0
4,8,45,-1,1
4,8,-45,1,0
4,8,-45,-1,1
4,8,-45,1,1
4,8,45,1,1
4,8,45,1,1
4,8,45,1,1
4,8,-45,1,1
4,8,45,1,1
4,8,45,1,1
4,8,-45,1,0
4,8,45,-1,1
4,8,45,1,1
4,8,-45,1,0
4,8,-45,-1,0
4,8,-45,-1,1
4,8,45,1,1
4,8,-45,1,1
4,8,45,1,1
4,8,-45,1,0
4,8,45,-1,1
4,8,-45,1,1
4,8,45,1,1
4,8,-45,1,1
4,8,-45,1,0
4,8,45,-1,1
4,8,-45,1,0
4,8,-45,-1,0
4,8,45,-1,1
4,8,-45,1,1
4,8,45,1,1
4,8,45,1,1
4,8,45,1,1
4,8,-45,1,1
4,8,-45,1,0
4,8,-45,-1,1
4,8,-45,1,1
4,8,-45,1,0
4,8,-45,-1,0
4,8,-45,-1,0
4,8,45,-1,1
4,8,-45,1,0
4,8,-45,-1,0
4,8,-45,-1,0
4,8,45,-1,1
4,8,-45,1,0
4,8,45,-1,1
4,8,45,1,0
4,8,-45,-1,0
4,8,45,-1,0
4,8,45,-1,1
4,8,-45,1,0
4,8,-45,-1,0
4,8,45,-1,0
4,8,45,-1,0
4,8,-45,-1,0
4,8,45,-1,0
4,8,-45,-1,0
4,8,-45,-1,0
4,8,-45,-1,0
4,8,45,-1,0
4,8,-45,-1,1
4,8,-45,1,1
4,8,45,1,1
4,8,45,1,0
4,8,-45,-1,1
4,8,45,1,0
4,8,45,-1,1
4,8,-45,1,0
4,8,45,-1,1
4,8,-45,1,1
4,8,45,1,0
4,8,-45,-1,0
4,8,-45,-1,0
4,8,-45,-1,0
4,8,45,-1,1
4,8,-45,1,0
4,8,45,-1,1
4,8,45,1,1
4,8,45,1,1
4,8,45,1,0
4,8,-45,-1,0
4,8,-45,-1,0
4,8,45,-1,0
4,8,-45,-1,0
4,8,45,-1,1
4,8,45,1,1
4,8,-45,1,0
4,8,-45,-1,0
4,8,45,-1,1
4,8,-45,1,0
4,8,45,-1,1
4,8,45,1,1
4,8,-45,1,1
4,8,-45,1,1
4,8,45,1,1
4,8,-45,1,0
4,8,45,-1,1
4,8,-45,1,1
4,8,45,1,1
4,8,-45,1,0
4,8,-45,-1,0
4,8,45,-1,1
4,8,-45,1,1
4,8,45,1,1
4,8,-45,1,1
4,8,-45,1,0
4,8,-45,-1,0
4,8,45,-1,1
4,8,-45,1,0
4,8,45,-1,1
4,8,-45,1,0
4,8,-45,-1,1
4,8,45,1,1
4,8,45,1,1
4,8,-45,1,0
4,8,45,-1,1
4,8,-45,1,1
4,8,-45,1,0
4,8,45,-1,1
4,8,45,1,1
4,8,-45,1,0
4,8,45,-1,1
4,8,45,1,1
4,8,-45,1,0
4,8,-45,-1,0
4,8,-45,-1,0
4,8,45,-1,0
4,8,45,-1,1
4,8,45,1,1
4,8,-45,1,1
4,8,-45,1,1
4,8,45,1,1
4,8,45,1,1
4,8,-45,1,1
4,8,-45,1,1
4,8,45,1,1
4,8,45,1,1
4,8,-45,1,0
4,8,45,-1,1
4,8,45,1,0
4,8,-45,-1,1
4,8,45,1,1
4,8,45,1,1
4,8,45,1,0
4,8,45,-1,1
4,8,45,1,1
4,9,-45,0,0
4,9,45,-1,1
4,9,-45,1,0
4,9,-45,-1,1
4,9,45,1,0
4,9,45,-1,1
4,9,-45,1,0
4,9,-45,-1,0
4,9,45,-1,0
4,9,45,-1,0
4,9,-45,-1,0
4,9,-45,-1,0
4,9,-45,-1,0
4,9,-45,-1,0
4,9,-45,-1,0
4,9,-45,-1,0
4,9,-45,-1,0
4,9,-45,-1,0
4,9,45,-1,0
4,9,45,-1,0
4,9,-45,-1,0
4,9,45,-1,0
4,9,-45,-1,0
4,9,45,-1,0
4,9,45,-1,1
4,9,-45,1,0
4,9,45,-1,1
4,9,-45,1,1
4,9,-45,1,1
4,9,45,1,1
4,9,45,1,1
4,9,45,1,1
4,9,45,1,1
4,9,45,1,1
4,9,-45,1,1
4,9,-45,1,1
4,9,45,1,1
4,9,-45,1,1
4,9,45,1,1
4,9,-45,1,1
4,9,-45,1,0
4,9,45,-1,0
4,9,45,-1,1
4,9,-45,1,1
4,9,-45,1,1
4,9,45,1,1
4,9,-45,1,1
4,9,-45,1,1
4,9,-45,1,0
4,9,45,-1,1
4,9,45,1,0
4,9,45,-1,1
4,9,-45,1,1
4,9,-45,1,0
4,9,-45,-1,0
4,9,45,-1,1
4,9,-45,1,1
4,9,-45,1,0
4,9,45,-1,0
4,9,45,-1,0
4,9,-45,-1,0
4,9,-45,-1,0
4,9,45,-1,1
4,9,45,1,0
4,9,45,-1,1
4,9,-45,1,0
4,9,45,-1,1
4,9,45,1,1
4,9,-45,1,0
4,9,45,-1,1
4,9,-45,1,0
4,9,45,-1,1
4,9,-45,1,0
4,9,-45,-1,1
4,9,-45,1,1
4,9,45,1,0
4,9,-45,-1,1
4,9,-45,1,1
4,9,45,1,0
4,9,45,-1,1
4,9,-45,1,1
4,9,45,1,1
4,9,-45,1,0
4,9,-45,-1,1
4,9,45,1,0
4,9,-45,-1,0
4,9,-45,-1,1
4,9,45,1,1
4,9,-45,1,0
4,9,45,-1,1
4,9,-45,1,0
4,9,45,-1,1
4,9,-45,1,1
4,9,-45,1,0
4,9,-45,-1,0
4,9,45,-1,1
4,9,45,1,1
4,9,-45,1,0
4,9,45,-1,1
4,9,45,1,0
4,9,45,-1,0
4,9,45,-1,0
4,9,-45,-1,0
4,9,-45,-1,1
4,9,45,1,1
4,9,45,1,0
4,9,-45,-1,1
4,9,-45,1,0
4,9,-45,-1,0
4,9,-45,-1,0
4,9,-45,-1,0
4,9,45,-1,1
4,9,45,1,0
4,9,-45,-1,1
4,9,45,1,0
4,9,45,-1,0
4,9,-45,-1,0
4,9,45,-1,1
4,9,45,1,1
4,9,-45,1,1
4,9,45,1,1
4,9,45,1,1
4,9,45,1,0
4,9,-45,-1,0
4,9,-45,-1,0
4,9,-45,-1,0
4,9,45,-1,0
4,9,-45,-1,0
4,9,45,-1,1
4,9,-45,1,1
4,9,-45,1,0
4,9,45,-1,0
4,9,45,-1,0
4,9,-45,-1,0
4,9,-45,-1,1
4,9,-45,1,0
4,9,-45,-1,0
4,9,45,-1,1
4,9,-45,1,1
4,9,-45,1,1
4,9,45,1,0
4,9,-45,-1,0
4,9,-45,-1,0
4,9,-45,-1,0
4,9,-45,-1,0
4,9,-45,-1,1
4,9,-45,1,0
4,9,45,-1,1
4,9,-45,1,1
4,9,-45,1,1
4,9,-45,1,1
4,9,-45,1,0
4,9,-45,-1,0
4,10,-45,0,0
4,10,-45,-1,0
4,10,-45,-1,1
4,10,-45,1,1
4,10,-45,1,1
4,10,45,1,1
4,10,45,1,1
4,10,-45,1,1
4,10,-45,1,0
4,10,45,-1,1
4,10,45,1,1
4,10,45,1,1
4,10,-45,1,0
4,10,45,-1,1
4,10,-45,1,1
4,10,45,1,1
4,10,-45,1,0
4,10,-45,-1,1
4,10,45,1,1
4,10,45,1,1
4,10,-45,1,1
4,10,-45,1,0
4,10,-45,-1,0
4,10,45,-1,0
4,10,-45,-1,1
4,10,45,1,1
4,10,45,1,1
4,10,45,1,1
4,10,-45,1,0
4,10,45,-1,1
4,10,-45,1,0
4,10,-45,-1,0
4,10,-45,-1,0
4,10,45,-1,1
4,10,-45,1,1
4,10,45,1,0
4,10,45,-1,1
4,10,45,1,0
4,10,-45,-1,0
4,10,45,-1,0
4,10,45,-1,0
4,10,45,-1,0
4,10,45,-1,0
4,10,-45,-1,0
4,10,-45,-1,0
4,10,45,-1,0
4,10,-45,-1,0
4,10,45,-1,1
4,10,45,1,0
4,10,45,-1,1
4,10,-45,1,0
4,10,45,-1,0
4,10,-45,-1,0
4,10,-45,-1,0
4,10,45,-1,0
4,10,45,-1,0
4,10,-45,-1,0
4,10,-45,-1,1
4,10,45,1,0
4,10,-45,-1,0
4,10,45,-1,1
4,10,-45,1,0
4,10,45,-1,0
4,10,-45,-1,0
4,10,-45,-1,0
4,10,-45,-1,0
4,10,45,-1,0
4,10,45,-1,1
4,10,-45,1,1
4,10,45,1,0
4,10,-45,-1,0
4,10,45,-1,0
4,10,45,-1,1
4,10,-45,1,1
4,10,-45,1,1
4,10,-45,1,0
4,10,-45,-1,0
4,10,-45,-1,0
4,10,-45,-1,0
4,10,45,-1,0
4,10,45,-1,0
4,10,-45,-1,0
4,10,-45,-1,0
4,10,-45,-1,0
4,10,45,-1,1
4,10,-45,1,0
4,10,-45,-1,1
4,10,45,1,0
4,10,45,-1,0
4,10,45,-1,0
4,10,-45,-1,0
4,10,-45,-1,0
4,10,-45,-1,0
4,10,-45,-1,0
4,10,-45,-1,0
4,10,-45,-1,0
4,10,45,-1,1
4,10,-45,1,1
4,10,-45,1,1
4,10,-45,1,1
4,10,45,1,1
4,10,45,1,1
4,10,45,1,1
4,10,-45,1,0
4,10,45,-1,1
4,10,-45,1,0
4,10,-45,-1,1
4,10,45,1,1
4,10,-45,1,1
4,10,-45,1,0
4,10,-45,-1,0
4,10,45,-1,1
4,10,-45,1,1
4,10,45,1,1
4,10,45,1,1
4,10,45,1,1
4,10,45,1,1
4,10,45,1,1
4,10,45,1,1
4,10,45,1,0
4,10,45,-1,1
4,10,-45,1,0
4,10,-45,-1,1
4,10,45,1,0
4,10,-45,-1,0
4,10,45,-1,0
4,10,-45,-1,1
4,10,45,1,1
4,10,-45,1,1
4,10,45,1,1
4,10,45,1,0
4,10,45,-1,1
4,10,45,1,0
4,10,45,-1,1
4,10,-45,1,1
4,10,-45,1,1
4,10,45,1,1
4,10,-45,1,0
4,10,-45,-1,0
4,10,-45,-1,0
4,10,-45,-1,0
4,10,-45,-1,1
4,10,45,1,1
4,10,-45,1,1
4,10,-45,1,1
4,10,-45,1,0
4,10,45,-1,1
4,10,45,1,1
4,10,45,1,1
4,10,-45,1,0
4,10,45,-1,0
4,10,-45,-1,1
4,10,45,1,0
5,1,-45,0,1
5,1,45,1,1
5,1,45,1,1
5,1,45,1,1
5,1,45,1,1
5,1,45,1,1
5,1,45,1,1
5,1,-45,1,0
5,1,45,-1,1
5,1,45,1,1
5,1,45,1,1
5,1,45,1,1
5,1,45,1,1
5,1,-45,1,1
5,1,45,1,1
5,1,-45,1,1
5,1,45,1,1
5,1,45,1,1
5,1,45,1,1
5,1,-45,1,1
5,1,-45,1,1
5,1,45,1,1
5,1,-45,1,1
5,1,-45,1,1
5,1,-45,1,1
5,1,-45,1,1
5,1,45,1,1
5,1,-45,1,1
5,1,45,1,1
5,1,45,1,1
5,1,45,1,1
5,1,-45,1,1
5,1,45,1,1
5,1,45,1,1
5,1,45,1,1
5,1,45,1,1
5,1,45,1,1
5,1,45,1,1
5,1,-45,1,0
5,1,45,-1,1
5,1,-45,1,1
5,1,45,1,1
5,1,45,1,1
5,1,-45,1,1
5,1,-45,1,1
5,1,45,1,1
5,1,-45,1,1
5,1,-45,1,1
5,1,45,1,1
5,1,45,1,1
5,1,45,1,1
5,1,-45,1,0
5,1,-45,-1,0
5,1,-45,-1,0
5,1,45,-1,1
5,1,-45,1,0
5,1,45,-1,1
5,1,45,1,1
5,1,45,1,1
5,1,-45,1,0
5,1,-45,-1,0
5,1,-45,-1,1
5,1,45,1,1
5,1,45,1,1
5,1,-45,1,0
5,1,45,-1,1
5,1,-45,1,0
5,1,45,-1,1
5,1,45,1,1
5,1,45,1,0
5,1,-45,-1,1
5,1,45,1,1
5,1,-45,1,0
5,1,45,-1,1
5,1,-45,1,1
5,1,-45,1,0
5,1,-45,-1,0
5,1,45,-1,1
5,1,45,1,1
5,1,-45,1,1
5,1,-45,1,1
5,1,45,1,1
5,1,45,1,0
5,1,45,-1,1
5,1,-45,1,0
5,1,-45,-1,0
5,1,-45,-1,0
5,1,-45,-1,0
5,1,45,-1,1
5,1,45,1,1
5,1,45,1,1
5,1,45,1,1
5,1,-45,1,1
5,1,45,1,1
5,1,45,1,1
5,1,45,1,1
5,1,45,1,1
5,1,-45,1,1
5,1,45,1,1
5,1,-45,1,1
5,1,45,1,0
5,1,-45,-1,0
5,1,-45,-1,0
5,1,45,-1,0
5,1,-45,-1,0
5,1,45,-1,1
5,1,-45,1,0
5,1,45,-1,1
5,1,-45,1,0
5,1,-45,-1,0
5,1,45,-1,0
5,1,45,-1,0
5,1,-45,-1,0
5,1,-45,-1,0
5,1,45,-1,1
5,1,45,1,1
5,1,45,1,1
5,1,45,1,1
5,1,45,1,0
5,1,45,-1,1
5,1,45,1,1
5,1,-45,1,1
5,1,45,1,1
5,1,-45,1,0
5,1,45,-1,0
5,1,-45,-1,0
5,1,-45,-1,0
5,1,45,-1,1
5,1,-45,1,1
5,1,45,1,0
5,1,45,-1,1
5,1,45,1,1
5,1,-45,1,1
5,1,45,1,1
5,1,-45,1,0
5,1,-45,-1,0
5,1,-45,-1,0
5,1,45,-1,1
5,1,45,1,1
5,1,45,1,1
5,1,-45,1,0
5,1,45,-1,1
5,1,-45,1,1
5,1,45,1,0
5,1,-45,-1,0
5,1,-45,-1,0
5,1,-45,-1,1
5,1,-45,1,0
5,1,45,-1,1
5,1,-45,1,0
5,1,45,-1,1
5,1,45,1,1
5,1,45,1,1
5,2,-45,0,0
5,2,45,-1,1
5,2,45,1,1
5,2,-45,1,0
5,2,-45,-1,1
5,2,45,1,0
5,2,45,-1,0
5,2,-45,-1,0
5,2,45,-1,0
5,2,-45,-1,1
5,2,45,1,1
5,2,45,1,1
5,2,45,1,1
5,2,45,1,1
5,2,45,1,1
5,2,-45,1,0
5,2,-45,-1,0
5,2,-45,-1,0
5,2,-45,-1,1
5,2,-45,1,0
5,2,45,-1,1
5,2,-45,1,0
5,2,45,-1,1
5,2,-45,1,1
5,2,-45,1,0
5,2,45,-1,0
5,2,45,-1,1
5,2,45,1,1
5,2,-45,1,0
5,2,45,-1,0
5,2,-45,-1,0
5,2,-45,-1,0
5,2,-45,-1,0
5,2,-45,-1,0
5,2,45,-1,1
5,2,-45,1,0
5,2,-45,-1,0
5,2,45,-1,0
5,2,45,-1,1
5,2,45,1,1
5,2,-45,1,0
5,2,-45,-1,0
5,2,-45,-1,0
5,2,-45,-1,1
5,2,45,1,1
5,2,-45,1,0
5,2,-45,-1,1
5,2,-45,1,0
5,2,-45,-1,0
5,2,45,-1,0
5,2,45,-1,1
5,2,-45,1,1
5,2,45,1,1
5,2,45,1,1
5,2,45,1,1
5,2,-45,1,1
5,2,45,1,1
5,2,45,1,1
5,2,-45,1,1
5,2,45,1,1
5,2,-45,1,0
5,2,-45,-1,0
5,2,45,-1,1
5,2,-45,1,1
5,2,45,1,1
5,2,45,1,1
5,2,-45,1,1
5,2,45,1,1
5,2,-45,1,0
5,2,45,-1,1
5,2,45,1,1
5,2,45,1,1
5,2,-45,1,1
5,2,45,1,1
5,2,45,1,1
5,2,-45,1,1
5,2,45,1,1
5,2,-45,1,1
5,2,-45,1,1
5,2,45,1,1
5,2,45,1,1
5,2,-45,1,0
5,2,45,-1,1
5,2,45,1,1
5,2,-45,1,1
5,2,-45,1,1
5,2,-45,1,0
5,2,-45,-1,1
5,2,-45,1,0
5,2,-45,-1,1
5,2,-45,1,0
5,2,45,-1,1
5,2,-45,1,1
5,2,45,1,1
5,2,-45,1,0
5,2,-45,-1,1
5,2,45,1,1
5,2,45,1,1
5,2,-45,1,1
5,2,45,1,1
5,2,-45,1,1
5,2,45,1,1
5,2,-45,1,1
5,2,-45,1,0
5,2,-45,-1,1
5,2,-45,1,0
5,2,45,-1,1
5,2,45,1,1
5,2,45,1,1
5,2,-45,1,0
5,2,-45,-1,0
5,2,-45,-1,0
5,2,45,-1,0
5,2,45,-1,1
5,2,45,1,1
5,2,-45,1,0
5,2,45,-1,1
5,2,45,1,1
5,2,45,1,1
5,2,-45,1,1
5,2,-45,1,0
5,2,45,-1,1
5,2,-45,1,1
5,2,45,1,1
5,2,45,1,1
5,2,-45,1,1
5,2,-45,1,0
5,2,45,-1,1
5,2,-45,1,0
5,2,-45,-1,1
5,2,-45,1,0
5,2,-45,-1,0
5,2,45,-1,0
5,2,-45,-1,0
5,2,-45,-1,1
5,2,45,1,0
5,2,45,-1,0
5,2,45,-1,1
5,2,-45,1,0
5,2,-45,-1,0
5,2,-45,-1,0
5,2,-45,-1,0
5,2,-45,-1,0
5,2,-45,-1,0
5,2,-45,-1,0
5,2,-45,-1,1
5,2,45,1,1
5,2,-45,1,1
5,2,-45,1,0
5,2,45,-1,0
5,2,-45,-1,0
5,2,-45,-1,0
5,2,45,-1,1
5,3,45,0,1
5,3,-45,1,0
5,3,45,-1,1
5,3,-45,1,0
5,3,45,-1,1
5,3,45,1,1
5,3,45,1,1
5,3,45,1,1
5,3,45,1,1
5,3,-45,1,0
5,3,-45,-1,0
5,3,45,-1,1
5,3,45,1,0
5,3,-45,-1,1
5,3,-45,1,0
5,3,-45,-1,1
5,3,-45,1,0
5,3,45,-1,0
5,3,-45,-1,0
5,3,-45,-1,0
5,3,45,-1,1
5,3,-45,1,0
5,3,45,-1,1
5,3,-45,1,0
5,3,-45,-1,0
5,3,-45,-1,0
5,3,45,-1,1
5,3,45,1,1
5,3,45,1,1
5,3,-45,1,0
5,3,45,-1,1
5,3,45,1,1
5,3,-45,1,1
5,3,-45,1,0
5,3,45,-1,1
5,3,45,1,1
5,3,45,1,1
5,3,-45,1,1
5,3,-45,1,1
5,3,45,1,1
5,3,45,1,1
5,3,-45,1,1
5,3,-45,1,0
5,3,45,-1,1
5,3,45,1,1
5,3,45,1,1
5,3,-45,1,0
5,3,-45,-1,1
5,3,45,1,1
5,3,-45,1,0
5,3,45,-1,1
5,3,45,1,0
5,3,45,-1,1
5,3,-45,1,1
5,3,-45,1,0
5,3,-45,-1,0
5,3,45,-1,1
5,3,45,1,1
5,3,-45,1,0
5,3,45,-1,0
5,3,45,-1,1
5,3,-45,1,1
5,3,45,1,0
5,3,-45,-1,1
5,3,45,1,0
5,3,45,-1,1
5,3,45,1,1
5,3,-45,1,0
5,3,-45,-1,0
5,3,-45,-1,1
5,3,45,1,1
5,3,45,1,1
5,3,-45,1,0
5,3,45,-1,1
5,3,-45,1,1
5,3,-45,1,0
5,3,45,-1,1
5,3,-45,1,1
5,3,45,1,1
5,3,-45,1,0
5,3,45,-1,0
5,3,45,-1,0
5,3,45,-1,1
5,3,45,1,0
5,3,-45,-1,0
5,3,-45,-1,0
5,3,-45,-1,0
5,3,-45,-1,0
5,3,-45,-1,0
5,3,45,-1,0
5,3,-45,-1,0
5,3,45,-1,0
5,3,-45,-1,1
5,3,-45,1,0
5,3,45,-1,1
5,3,-45,1,0
5,3,45,-1,1
5,3,45,1,1
5,3,45,1,1
5,3,45,1,1
5,3,-45,1,1
5,3,-45,1,1
5,3,-45,1,1
5,3,-45,1,1
5,3,-45,1,0
5,3,-45,-1,1
5,3,-45,1,0
5,3,-45,-1,1
5,3,-45,1,1
5,3,45,1,1
5,3,45,1,1
5,3,45,1,1
5,3,-45,1,1
5,3,45,1,1
5,3,-45,1,1
5,3,45,1,1
5,3,45,1,0
5,3,45,-1,1
5,3,45,1,1
5,3,-45,1,1
5,3,-45,1,1
5,3,-45,1,0
5,3,-45,-1,0
5,3,45,-1,1
5,3,-45,1,0
5,3,45,-1,1
5,3,45,1,1
5,3,-45,1,1
5,3,-45,1,0
5,3,45,-1,1
5,3,-45,1,0
5,3,45,-1,1
5,3,45,1,1
5,3,45,1,1
5,3,-45,1,0
5,3,45,-1,1
5,3,45,1,1
5,3,-45,1,1
5,3,-45,1,0
5,3,-45,-1,1
5,3,45,1,1
5,3,-45,1,0
5,3,45,-1,1
5,3,45,1,1
5,3,45,1,1
5,3,-45,1,1
5,3,-45,1,0
5,3,45,-1,1
5,3,45,1,0
5,3,-45,-1,0
5,3,-45,-1,0
5,3,-45,-1,0
5,3,-45,-1,0
5,4,-45,0,1
5,4,45,1,0
5,4,-45,-1,0
5,4,45,-1,0
5,4,-45,-1,0
5,4,-45,-1,0
5,4,-45,-1,0
5,4,-45,-1,0
5,4,-45,-1,0
5,4,-45,-1,0
5,4,45,-1,0
5,4,45,-1,1
5,4,45,1,1
5,4,45,1,1
5,4,-45,1,0
5,4,-45,-1,0
5,4,-45,-1,0
5,4,-45,-1,1
5,4,-45,1,1
5,4,45,1,1
5,4,-45,1,1
5,4,-45,1,1
5,4,45,1,0
5,4,45,-1,1
5,4,45,1,1
5,4,45,1,1
5,4,45,1,1
5,4,-45,1,1
5,4,45,1,1
5,4,-45,1,1
5,4,45,1,1
5,4,45,1,1
5,4,45,1,1
5,4,45,1,1
5,4,-45,1,0
5,4,-45,-1,1
5,4,45,1,1
5,4,-45,1,1
5,4,-45,1,0
5,4,45,-1,1
5,4,-45,1,0
5,4,-45,-1,0
5,4,45,-1,1
5,4,-45,1,1
5,4,45,1,1
5,4,45,1,1
5,4,-45,1,1
5,4,-45,1,0
5,4,-45,-1,0
5,4,-45,-1,1
5,4,45,1,1
5,4,-45,1,1
5,4,45,1,1
5,4,45,1,1
5,4,45,1,1
5,4,-45,1,1
5,4,45,1,1
5,4,45,1,1
5,4,-45,1,1
5,4,45,1,1
5,4,45,1,1
5,4,45,1,1
5,4,-45,1,0
5,4,45,-1,0
5,4,45,-1,1
5,4,-45,1,0
5,4,-45,-1,0
5,4,45,-1,1
5,4,-45,1,0
5,4,45,-1,0
5,4,45,-1,1
5,4,-45,1,0
5,4,-45,-1,1
5,4,45,1,1
5,4,45,1,1
5,4,45,1,1
5,4,45,1,1
5,4,-45,1,0
5,4,-45,-1,0
5,4,45,-1,1
5,4,-45,1,1
5,4,-45,1,1
5,4,-45,1,0
5,4,45,-1,0
5,4,45,-1,1
5,4,-45,1,1
5,4,45,1,0
5,4,45,-1,1
5,4,45,1,1
5,4,-45,1,0
5,4,45,-1,1
5,4,-45,1,1
5,4,-45,1,0
5,4,-45,-1,1
5,4,45,1,1
5,4,45,1,1
5,4,45,1,1
5,4,45,1,1
5,4,45,1,1
5,4,-45,1,1
5,4,-45,1,0
5,4,45,-1,0
5,4,45,-1,1
5,4,-45,1,0
5,4,-45,-1,1
5,4,-45,1,0
5,4,45,-1,1
5,4,45,1,1
5,4,-45,1,1
5,4,45,1,1
5,4,-45,1,0
5,4,45,-1,1
5,4,45,1,1
5,4,45,1,1
5,4,-45,1,1
5,4,-45,1,0
5,4,-45,-1,1
5,4,-45,1,1
5,4,-45,1,1
5,4,-45,1,0
5,4,-45,-1,0
5,4,-45,-1,1
5,4,-45,1,0
5,4,45,-1,0
5,4,45,-1,1
5,4,-45,1,1
5,4,45,1,1
5,4,-45,1,1
5,4,45,1,1
5,4,45,1,1
5,4,-45,1,0
5,4,-45,-1,1
5,4,-45,1,0
5,4,45,-1,1
5,4,45,1,1
5,4,-45,1,0
5,4,45,-1,1
5,4,-45,1,0
5,4,-45,-1,0
5,4,-45,-1,1
5,4,45,1,1
5,4,45,1,1
5,4,45,1,1
5,4,-45,1,1
5,4,-45,1,1
5,4,-45,1,1
5,4,45,1,1
5,4,-45,1,0
5,4,45,-1,1
5,4,-45,1,0
5,4,-45,-1,1
5,4,45,1,1
5,4,45,1,1
5,5,45,0,1
5,5,-45,1,0
5,5,-45,-1,1
5,5,45,1,1
5,5,-45,1,1
5,5,-45,1,0
5,5,-45,-1,0
5,5,45,-1,1
5,5,45,1,1
5,5,-45,1,1
5,5,-45,1,0
5,5,45,-1,1
5,5,-45,1,0
5,5,45,-1,1
5,5,-45,1,0
5,5,-45,-1,0
5,5,45,-1,1
5,5,45,1,1
5,5,-45,1,1
5,5,-45,1,0
5,5,-45,-1,0
5,5,45,-1,0
5,5,45,-1,1
5,5,45,1,0
5,5,45,-1,1
5,5,45,1,1
5,5,45,1,1
5,5,-45,1,0
5,5,-45,-1,0
5,5,-45,-1,0
5,5,45,-1,0
5,5,-45,-1,0
5,5,-45,-1,1
5,5,45,1,1
5,5,45,1,1
5,5,-45,1,0
5,5,-45,-1,1
5,5,45,1,1
5,5,-45,1,1
5,5,45,1,0
5,5,-45,-1,0
5,5,45,-1,0
5,5,-45,-1,1
5,5,-45,1,0
5,5,-45,-1,1
5,5,-45,1,0
5,5,45,-1,0
5,5,45,-1,1
5,5,45,1,1
5,5,-45,1,1
5,5,-45,1,0
5,5,45,-1,0
5,5,45,-1,1
5,5,-45,1,0
5,5,-45,-1,0
5,5,-45,-1,0
5,5,-45,-1,1
5,5,45,1,1
5,5,45,1,1
5,5,45,1,1
5,5,-45,1,0
5,5,-45,-1,0
5,5,45,-1,1
5,5,45,1,1
5,5,-45,1,0
5,5,-45,-1,1
5,5,-45,1,1
5,5,45,1,0
5,5,-45,-1,0
5,5,-45,-1,0
5,5,45,-1,1
5,5,45,1,1
5,5,-45,1,0
5,5,45,-1,1
5,5,-45,1,0
5,5,-45,-1,0
5,5,-45,-1,1
5,5,-45,1,1
5,5,-45,1,0
5,5,45,-1,1
5,5,-45,1,0
5,5,-45,-1,1
5,5,-45,1,1
5,5,45,1,0
5,5,-45,-1,1
5,5,45,1,1
5,5,-45,1,0
5,5,-45,-1,1
5,5,-45,1,0
5,5,-45,-1,1
5,5,45,1,1
5,5,-45,1,0
5,5,-45,-1,1
5,5,45,1,1
5,5,45,1,1
5,5,-45,1,0
5,5,-45,-1,0
5,5,45,-1,1
5,5,-45,1,0
5,5,-45,-1,0
5,5,45,-1,1
5,5,-45,1,1
5,5,-45,1,0
5,5,45,-1,1
5,5,-45,1,0
5,5,45,-1,1
5,5,45,1,0
5,5,45,-1,1
5,5,45,1,1
5,5,45,1,1
5,5,45,1,1
5,5,45,1,0
5,5,45,-1,1
5,5,45,1,1
5,5,-45,1,0
5,5,-45,-1,0
5,5,45,-1,0
5,5,45,-1,1
5,5,45,1,1
5,5,-45,1,1
5,5,45,1,1
5,5,-45,1,1
5,5,-45,1,0
5,5,45,-1,1
5,5,-45,1,0
5,5,-45,-1,0
5,5,-45,-1,0
5,5,-45,-1,0
5,5,-45,-1,0
5,5,45,-1,1
5,5,-45,1,0
5,5,45,-1,0
5,5,-45,-1,1
5,5,45,1,1
5,5,45,1,1
5,5,-45,1,1
5,5,45,1,1
5,5,-45,1,1
5,5,-45,1,1
5,5,-45,1,0
5,5,-45,-1,0
5,5,-45,-1,1
5,5,45,1,1
5,5,45,1,1
5,5,45,1,1
5,5,-45,1,1
5,5,-45,1,1
5,5,-45,1,0
5,5,-45,-1,0
5,5,-45,-1,0
5,5,45,-1,1
5,5,-45,1,1
5,5,-45,1,1
5,6,45,0,0
5,6,-45,-1,0
5,6,-45,-1,0
5,6,-45,-1,0
5,6,45,-1,0
5,6,45,-1,1
5,6,45,1,1
5,6,-45,1,1
5,6,-45,1,1
5,6,45,1,1
5,6,45,1,1
5,6,-45,1,0
5,6,45,-1,1
5,6,-45,1,0
5,6,-45,-1,1
5,6,45,1,1
5,6,45,1,1
5,6,45,1,1
5,6,-45,1,1
5,6,-45,1,1
5,6,45,1,0
5,6,-45,-1,0
5,6,-45,-1,1
5,6,45,1,1
5,6,-45,1,1
5,6,45,1,0
5,6,45,-1,1
5,6,-45,1,1
5,6,-45,1,0
5,6,-45,-1,0
5,6,-45,-1,0
5,6,45,-1,1
5,6,-45,1,0
5,6,-45,-1,1
5,6,45,1,1
5,6,-45,1,0
5,6,45,-1,1
5,6,45,1,0
5,6,45,-1,1
5,6,45,1,0
5,6,45,-1,1
5,6,-45,1,0
5,6,45,-1,0
5,6,45,-1,1
5,6,-45,1,1
5,6,45,1,1
5,6,45,1,1
5,6,-45,1,0
5,6,-45,-1,0
5,6,45,-1,1
5,6,-45,1,1
5,6,45,1,1
5,6,45,1,1
5,6,-45,1,0
5,6,-45,-1,0
5,6,45,-1,0
5,6,-45,-1,1
5,6,-45,1,0
5,6,-45,-1,0
5,6,45,-1,1
5,6,-45,1,0
5,6,-45,-1,0
5,6,45,-1,1
5,6,45,1,1
5,6,45,1,1
5,6,-45,1,1
5,6,45,1,1
5,6,45,1,1
5,6,-45,1,1
5,6,45,1,1
5,6,-45,1,0
5,6,-45,-1,1
5,6,45,1,0
5,6,45,-1,1
5,6,45,1,1
5,6,-45,1,0
5,6,45,-1,1
5,6,45,1,1
5,6,-45,1,0
5,6,-45,-1,1
5,6,45,1,0
5,6,45,-1,1
5,6,-45,1,1
5,6,45,1,1
5,6,45,1,1
5,6,-45,1,1
5,6,-45,1,0
5,6,45,-1,1
5,6,45,1,1
5,6,-45,1,0
5,6,-45,-1,1
5,6,-45,1,0
5,6,-45,-1,0
5,6,45,-1,1
5,6,45,1,0
5,6,-45,-1,0
5,6,-45,-1,0
5,6,-45,-1,0
5,6,45,-1,1
5,6,-45,1,0
5,6,-45,-1,0
5,6,45,-1,0
5,6,45,-1,0
5,6,45,-1,0
5,6,-45,-1,0
5,6,45,-1,1
5,6,-45,1,0
5,6,-45,-1,0
5,6,45,-1,1
5,6,-45,1,1
5,6,45,1,1
5,6,-45,1,1
5,6,45,1,1
5,6,-45,1,1
5,6,-45,1,1
5,6,45,1,1
5,6,45,1,1
5,6,45,1,1
5,6,-45,1,1
5,6,-45,1,0
5,6,-45,-1,0
5,6,45,-1,1
5,6,-45,1,0
5,6,45,-1,1
5,6,45,1,1
5,6,45,1,1
5,6,-45,1,1
5,6,45,1,1
5,6,45,1,1
5,6,45,1,1
5,6,-45,1,0
5,6,-45,-1,0
5,6,45,-1,1
5,6,-45,1,1
5,6,-45,1,0
5,6,45,-1,1
5,6,45,1,1
5,6,-45,1,0
5,6,45,-1,1
5,6,45,1,1
5,6,-45,1,0
5,6,45,-1,1
5,6,-45,1,1
5,6,-45,1,0
5,6,45,-1,1
5,6,45,1,0
5,6,45,-1,1
5,6,45,1,1
5,6,-45,1,0
5,6,45,-1,0
5,6,-45,-1,0
5,6,-45,-1,0
5,6,-45,-1,0
5,7,-45,0,1
5,7,-45,1,0
5,7,45,-1,0
5,7,-45,-1,0
5,7,45,-1,0
5,7,45,-1,0
5,7,-45,-1,0
5,7,-45,-1,0
5,7,45,-1,0
5,7,-45,-1,0
5,7,-45,-1,0
5,7,-45,-1,0
5,7,-45,-1,0
5,7,45,-1,0
5,7,-45,-1,0
5,7,-45,-1,0
5,7,45,-1,1
5,7,45,1,1
5,7,45,1,0
5,7,-45,-1,0
5,7,45,-1,0
5,7,-45,-1,0
5,7,-45,-1,0
5,7,-45,-1,0
5,7,45,-1,1
5,7,-45,1,0
5,7,-45,-1,0
5,7,45,-1,1
5,7,-45,1,0
5,7,45,-1,1
5,7,45,1,1
5,7,45,1,1
5,7,-45,1,0
5,7,45,-1,0
5,7,-45,-1,1
5,7,-45,1,0
5,7,-45,-1,0
5,7,45,-1,1
5,7,45,1,1
5,7,45,1,1
5,7,45,1,1
5,7,45,1,1
5,7,45,1,1
5,7,45,1,1
5,7,-45,1,0
5,7,-45,-1,0
5,7,-45,-1,0
5,7,-45,-1,0
5,7,-45,-1,1
5,7,-45,1,0
5,7,45,-1,1
5,7,-45,1,0
5,7,45,-1,1
5,7,45,1,0
5,7,-45,-1,0
5,7,45,-1,1
5,7,-45,1,0
5,7,45,-1,1
5,7,45,1,1
5,7,-45,1,1
5,7,45,1,1
5,7,45,1,1
5,7,45,1,1
5,7,45,1,1
5,7,45,1,1
5,7,-45,1,1
5,7,45,1,1
5,7,45,1,1
5,7,-45,1,1
5,7,-45,1,0
5,7,45,-1,0
5,7,45,-1,0
5,7,45,-1,1
5,7,-45,1,0
5,7,45,-1,1
5,7,-45,1,0
5,7,45,-1,1
5,7,-45,1,0
5,7,-45,-1,0
5,7,-45,-1,1
5,7,-45,1,0
5,7,-45,-1,0
5,7,45,-1,1
5,7,45,1,1
5,7,45,1,1
5,7,-45,1,0
5,7,45,-1,1
5,7,45,1,0
5,7,-45,-1,1
5,7,-45,1,0
5,7,-45,-1,1
5,7,45,1,1
5,7,45,1,1
5,7,-45,1,0
5,7,-45,-1,1
5,7,-45,1,1
5,7,45,1,1
5,7,-45,1,0
5,7,45,-1,1
5,7,45,1,1
5,7,45,1,1
5,7,45,1,1
5,7,-45,1,0
5,7,45,-1,1
5,7,-45,1,0
5,7,-45,-1,1
5,7,-45,1,0
5,7,45,-1,0
5,7,-45,-1,0
5,7,45,-1,1
5,7,45,1,1
5,7,-45,1,0
5,7,-45,-1,0
5,7,-45,-1,0
5,7,45,-1,1
5,7,45,1,1
5,7,-45,1,0
5,7,45,-1,0
5,7,45,-1,1
5,7,-45,1,0
5,7,-45,-1,0
5,7,45,-1,0
5,7,45,-1,1
5,7,-45,1,1
5,7,45,1,1
5,7,-45,1,0
5,7,-45,-1,0
5,7,-45,-1,0
5,7,45,-1,1
5,7,45,1,1
5,7,45,1,1
5,7,45,1,1
5,7,45,1,1
5,7,45,1,0
5,7,-45,-1,0
5,7,45,-1,0
5,7,45,-1,1
5,7,45,1,1
5,7,-45,1,0
5,7,-45,-1,0
5,7,45,-1,0
5,7,-45,-1,0
5,7,-45,-1,0
5,7,45,-1,0
5,7,-45,-1,0
5,7,-45,-1,0
5,7,-45,-1,0
5,7,-45,-1,0
5,7,45,-1,1
5,7,45,1,1
5,7,45,1,1
5,7,-45,1,0
5,7,45,-1,1
5,8,45,0,0
5,8,-45,-1,0
5,8,45,-1,1
5,8,-45,1,0
5,8,-45,-1,0
5,8,45,-1,0
5,8,45,-1,1
5,8,45,1,0
5,8,45,-1,0
5,8,-45,-1,0
5,8,-45,-1,0
5,8,-45,-1,0
5,8,45,-1,0
5,8,45,-1,1
5,8,45,1,1
5,8,-45,1,0
5,8,-45,-1,1
5,8,-45,1,0
5,8,45,-1,0
5,8,-45,-1,1
5,8,45,1,1
5,8,-45,1,0
5,8,45,-1,1
5,8,45,1,1
5,8,45,1,1
5,8,45,1,1
5,8,-45,1,1
5,8,45,1,1
5,8,45,1,1
5,8,45,1,1
5,8,45,1,0
5,8,45,-1,1
5,8,45,1,1
5,8,-45,1,1
5,8,-45,1,0
5,8,45,-1,0
5,8,45,-1,1
5,8,-45,1,1
5,8,-45,1,0
5,8,45,-1,1
5,8,-45,1,1
5,8,-45,1,0
5,8,-45,-1,0
5,8,-45,-1,0
5,8,45,-1,0
5,8,-45,-1,0
5,8,-45,-1,0
5,8,45,-1,1
5,8,-45,1,0
5,8,-45,-1,0
5,8,45,-1,1
5,8,45,1,1
5,8,45,1,1
5,8,-45,1,1
5,8,45,1,0
5,8,-45,-1,1
5,8,-45,1,1
5,8,45,1,1
5,8,45,1,1
5,8,45,1,1
5,8,-45,1,1
5,8,45,1,1
5,8,45,1,1
5,8,-45,1,1
5,8,45,1,1
5,8,-45,1,1
5,8,-45,1,1
5,8,45,1,1
5,8,45,1,1
5,8,-45,1,1
5,8,45,1,1
5,8,45,1,1
5,8,-45,1,1
5,8,-45,1,1
5,8,45,1,1
5,8,45,1,1
5,8,-45,1,1
5,8,45,1,1
5,8,-45,1,0
5,8,-45,-1,0
5,8,-45,-1,0
5,8,45,-1,0
5,8,-45,-1,1
5,8,45,1,1
5,8,45,1,0
5,8,45,-1,1
5,8,45,1,1
5,8,45,1,1
5,8,45,1,1
5,8,-45,1,0
5,8,-45,-1,0
5,8,45,-1,1
5,8,-45,1,0
5,8,45,-1,1
5,8,45,1,1
5,8,45,1,0
5,8,45,-1,0
5,8,45,-1,1
5,8,45,1,1
5,8,45,1,1
5,8,45,1,1
5,8,45,1,1
5,8,45,1,1
5,8,45,1,1
5,8,-45,1,0
5,8,45,-1,1
5,8,45,1,0
5,8,-45,-1,0
5,8,-45,-1,1
5,8,-45,1,0
5,8,-45,-1,0
5,8,45,-1,0
5,8,-45,-1,0
5,8,45,-1,0
5,8,-45,-1,0
5,8,45,-1,0
5,8,45,-1,0
5,8,45,-1,0
5,8,45,-1,1
5,8,-45,1,0
5,8,45,-1,1
5,8,45,1,1
5,8,45,1,1
5,8,-45,1,0
5,8,45,-1,0
5,8,45,-1,1
5,8,-45,1,0
5,8,45,-1,1
5,8,-45,1,1
5,8,45,1,1
5,8,-45,1,1
5,8,-45,1,1
5,8,45,1,1
5,8,45,1,1
5,8,-45,1,0
5,8,45,-1,1
5,8,-45,1,0
5,8,45,-1,0
5,8,-45,-1,1
5,8,-45,1,0
5,8,45,-1,1
5,8,45,1,1
5,8,-45,1,1
5,8,45,1,1
5,8,45,1,1
5,8,45,1,1
5,8,45,1,1
5,8,45,1,1
5,8,-45,1,0
5,8,-45,-1,0
5,8,45,-1,1
5,8,45,1,1
5,8,-45,1,0
5,9,45,0,0
5,9,-45,-1,0
5,9,45,-1,0
5,9,45,-1,1
5,9,-45,1,0
5,9,-45,-1,0
5,9,-45,-1,0
5,9,-45,-1,0
5,9,45,-1,1
5,9,45,1,0
5,9,45,-1,1
5,9,45,1,1
5,9,-45,1,0
5,9,45,-1,1
5,9,-45,1,0
5,9,-45,-1,0
5,9,45,-1,1
5,9,-45,1,0
5,9,45,-1,1
5,9,45,1,1
5,9,-45,1,0
5,9,-45,-1,0
5,9,45,-1,0
5,9,-45,-1,0
5,9,-45,-1,0
5,9,-45,-1,1
5,9,45,1,1
5,9,-45,1,1
5,9,45,1,1
5,9,-45,1,0
5,9,45,-1,1
5,9,45,1,1
5,9,45,1,0
5,9,45,-1,1
5,9,-45,1,0
5,9,-45,-1,0
5,9,-45,-1,0
5,9,45,-1,0
5,9,45,-1,1
5,9,45,1,1
5,9,45,1,0
5,9,-45,-1,0
5,9,45,-1,1
5,9,45,1,1
5,9,45,1,1
5,9,45,1,1
5,9,45,1,1
5,9,45,1,1
5,9,-45,1,0
5,9,-45,-1,0
5,9,45,-1,0
5,9,-45,-1,0
5,9,-45,-1,1
5,9,45,1,1
5,9,45,1,1
5,9,45,1,1
5,9,-45,1,0
5,9,-45,-1,0
5,9,45,-1,0
5,9,-45,-1,0
5,9,-45,-1,0
5,9,45,-1,1
5,9,45,1,1
5,9,45,1,1
5,9,45,1,0
5,9,-45,-1,1
5,9,45,1,1
5,9,45,1,1
5,9,-45,1,0
5,9,-45,-1,0
5,9,45,-1,0
5,9,-45,-1,0
5,9,45,-1,1
5,9,45,1,1
5,9,-45,1,1
5,9,45,1,0
5,9,45,-1,1
5,9,45,1,0
5,9,45,-1,0
5,9,-45,-1,0
5,9,-45,-1,0
5,9,-45,-1,0
5,9,-45,-1,0
5,9,-45,-1,0
5,9,-45,-1,0
5,9,-45,-1,0
5,9,-45,-1,1
5,9,45,1,0
5,9,45,-1,0
5,9,45,-1,0
5,9,45,-1,1
5,9,45,1,1
5,9,-45,1,0
5,9,45,-1,1
5,9,-45,1,0
5,9,-45,-1,0
5,9,45,-1,0
5,9,45,-1,1
5,9,45,1,1
5,9,45,1,1
5,9,-45,1,1
5,9,-45,1,0
5,9,-45,-1,0
5,9,-45,-1,0
5,9,-45,-1,0
5,9,-45,-1,1
5,9,-45,1,0
5,9,-45,-1,0
5,9,45,-1,0
5,9,45,-1,1
5,9,45,1,1
5,9,45,1,1
5,9,45,1,1
5,9,45,1,1
5,9,-45,1,1
5,9,-45,1,1
5,9,45,1,1
5,9,45,1,1
5,9,-45,1,1
5,9,-45,1,0
5,9,-45,-1,0
5,9,45,-1,1
5,9,-45,1,0
5,9,-45,-1,0
5,9,45,-1,1
5,9,45,1,0
5,9,-45,-1,1
5,9,45,1,0
5,9,45,-1,1
5,9,-45,1,0
5,9,45,-1,1
5,9,45,1,1
5,9,45,1,1
5,9,-45,1,1
5,9,-45,1,0
5,9,-45,-1,0
5,9,-45,-1,0
5,9,-45,-1,1
5,9,45,1,1
5,9,45,1,1
5,9,45,1,1
5,9,45,1,1
5,9,45,1,1
5,9,45,1,0
5,9,-45,-1,0
5,9,45,-1,1
5,9,45,1,0
5,9,-45,-1,0
5,9,45,-1,1
5,9,45,1,0
5,9,-45,-1,0
5,9,-45,-1,0
5,9,45,-1,1
5,10,-45,0,1
5,10,-45,1,1
5,10,-45,1,1
5,10,45,1,1
5,10,-45,1,0
5,10,45,-1,0
5,10,-45,-1,1
5,10,-45,1,0
5,10,-45,-1,1
5,10,45,1,1
5,10,45,1,1
5,10,-45,1,1
5,10,45,1,1
5,10,-45,1,0
5,10,45,-1,0
5,10,45,-1,1
5,10,45,1,0
5,10,-45,-1,0
5,10,45,-1,1
5,10,45,1,1
5,10,45,1,0
5,10,45,-1,1
5,10,45,1,1
5,10,45,1,1
5,10,45,1,1
5,10,45,1,1
5,10,45,1,1
5,10,-45,1,0
5,10,-45,-1,0
5,10,45,-1,1
5,10,45,1,1
5,10,45,1,1
5,10,45,1,1
5,10,-45,1,1
5,10,45,1,1
5,10,-45,1,1
5,10,45,1,0
5,10,45,-1,0
5,10,-45,-1,1
5,10,-45,1,1
5,10,-45,1,0
5,10,45,-1,1
5,10,-45,1,0
5,10,-45,-1,1
5,10,-45,1,1
5,10,-45,1,0
5,10,-45,-1,0
5,10,45,-1,0
5,10,45,-1,1
5,10,-45,1,0
5,10,-45,-1,1
5,10,45,1,0
5,10,45,-1,1
5,10,45,1,1
5,10,45,1,1
5,10,-45,1,1
5,10,-45,1,0
5,10,-45,-1,1
5,10,45,1,1
5,10,45,1,1
5,10,-45,1,1
5,10,45,1,1
5,10,-45,1,0
5,10,45,-1,1
5,10,45,1,1
5,10,45,1,1
5,10,45,1,1
5,10,45,1,0
5,10,45,-1,1
5,10,45,1,1
5,10,45,1,1
5,10,-45,1,0
5,10,45,-1,1
5,10,45,1,1
5,10,45,1,1
5,10,45,1,1
5,10,45,1,1
5,10,-45,1,1
5,10,-45,1,0
5,10,45,-1,1
5,10,-45,1,0
5,10,45,-1,1
5,10,45,1,1
5,10,-45,1,0
5,10,-45,-1,1
5,10,-45,1,0
5,10,-45,-1,0
5,10,-45,-1,1
5,10,45,1,1
5,10,-45,1,1
5,10,-45,1,1
5,10,45,1,1
5,10,45,1,0
5,10,-45,-1,1
5,10,45,1,0
5,10,45,-1,1
5,10,45,1,1
5,10,45,1,1
5,10,-45,1,1
5,10,45,1,0
5,10,45,-1,1
5,10,-45,1,1
5,10,45,1,0
5,10,45,-1,1
5,10,-45,1,1
5,10,-45,1,0
5,10,-45,-1,0
5,10,45,-1,0
5,10,-45,-1,0
5,10,45,-1,1
5,10,45,1,1
5,10,45,1,1
5,10,-45,1,0
5,10,-45,-1,0
5,10,45,-1,1
5,10,45,1,1
5,10,45,1,1
5,10,-45,1,0
5,10,45,-1,1
5,10,-45,1,0
5,10,45,-1,1
5,10,45,1,1
5,10,-45,1,0
5,10,45,-1,1
5,10,45,1,0
5,10,-45,-1,0
5,10,-45,-1,1
5,10,-45,1,0
5,10,45,-1,0
5,10,45,-1,1
5,10,45,1,0
5,10,-45,-1,0
5,10,45,-1,1
5,10,45,1,1
5,10,45,1,1
5,10,-45,1,0
5,10,45,-1,0
5,10,45,-1,1
5,10,-45,1,0
5,10,45,-1,1
5,10,45,1,1
5,10,-45,1,0
5,10,-45,-1,1
5,10,-45,1,0
5,10,-45,-1,1
5,10,-45,1,1
5,10,45,1,1
5,10,-45,1,0
5,10,45,-1,1
5,10,-45,1,0
5,10,-45,-1,1
5,10,45,1,0
5,10,-45,-1,0
